mean_fit_time,std_fit_time,mean_score_time,std_score_time,param_colsample_bytree,param_learning_rate,param_max_depth,param_min_child_weight,param_n_estimators,param_reg_alpha,param_reg_lambda,param_subsample,params,split0_test_score,split1_test_score,split2_test_score,mean_test_score,std_test_score,rank_test_score
3.2154312133789062,3.870220416078448,0.033487399419148765,0.006983109735980505,0.8,0.03,3,1,200,0.3,1.0,0.8,"{'colsample_bytree': 0.8, 'learning_rate': 0.03, 'max_depth': 3, 'min_child_weight': 1, 'n_estimators': 200, 'reg_alpha': 0.3, 'reg_lambda': 1.0, 'subsample': 0.8}",-17.773784274930758,-12.854081188309607,-19.765179845882585,-16.79768176970765,2.904640337942477,16
0.922347625096639,0.7468195635829142,0.016237815221150715,0.0009783604382354939,0.8,0.03,3,1,200,0.5,1.0,0.8,"{'colsample_bytree': 0.8, 'learning_rate': 0.03, 'max_depth': 3, 'min_child_weight': 1, 'n_estimators': 200, 'reg_alpha': 0.5, 'reg_lambda': 1.0, 'subsample': 0.8}",-17.77001951450541,-12.854109007642379,-19.765898306052698,-16.796675609400165,2.9044513646710173,14
0.4057263533274333,0.016337731605725377,0.01868605613708496,0.004141224017184254,0.8,0.03,3,1,200,0.7,1.0,0.8,"{'colsample_bytree': 0.8, 'learning_rate': 0.03, 'max_depth': 3, 'min_child_weight': 1, 'n_estimators': 200, 'reg_alpha': 0.7, 'reg_lambda': 1.0, 'subsample': 0.8}",-17.768237384506527,-12.972144464294164,-19.766269223352793,-16.835550357384495,2.85101872182964,23
0.6449097792307535,0.10862531603651665,0.030558427174886067,0.009642121221158956,0.8,0.03,3,1,300,0.3,1.0,0.8,"{'colsample_bytree': 0.8, 'learning_rate': 0.03, 'max_depth': 3, 'min_child_weight': 1, 'n_estimators': 300, 'reg_alpha': 0.3, 'reg_lambda': 1.0, 'subsample': 0.8}",-17.754108646467518,-13.008708093421168,-19.797332642527063,-16.853383127471915,2.8436872381479446,27
0.8529291152954102,0.05096715738592825,0.03231151898701986,0.005305296137747387,0.8,0.03,3,1,300,0.5,1.0,0.8,"{'colsample_bytree': 0.8, 'learning_rate': 0.03, 'max_depth': 3, 'min_child_weight': 1, 'n_estimators': 300, 'reg_alpha': 0.5, 'reg_lambda': 1.0, 'subsample': 0.8}",-17.751989370605514,-13.007368619526728,-19.803292825515573,-16.85421693854927,2.846125197317271,28
0.756875197092692,0.030257007766314046,0.020520448684692383,0.0016577990796406606,0.8,0.03,3,1,300,0.7,1.0,0.8,"{'colsample_bytree': 0.8, 'learning_rate': 0.03, 'max_depth': 3, 'min_child_weight': 1, 'n_estimators': 300, 'reg_alpha': 0.7, 'reg_lambda': 1.0, 'subsample': 0.8}",-17.749160929408816,-13.027249798180451,-19.79989922733445,-16.858769984974572,2.835700042670578,30
1.060145378112793,0.029533777619776096,0.02749490737915039,0.0036488661903288726,0.8,0.03,3,1,450,0.3,1.0,0.8,"{'colsample_bytree': 0.8, 'learning_rate': 0.03, 'max_depth': 3, 'min_child_weight': 1, 'n_estimators': 450, 'reg_alpha': 0.3, 'reg_lambda': 1.0, 'subsample': 0.8}",-17.78469136021604,-13.652928332743185,-19.863745386163433,-17.10045502637422,2.5813041456049453,105
1.1291251977284749,0.02106370105668195,0.03160254160563151,0.004740355460213714,0.8,0.03,3,1,450,0.5,1.0,0.8,"{'colsample_bytree': 0.8, 'learning_rate': 0.03, 'max_depth': 3, 'min_child_weight': 1, 'n_estimators': 450, 'reg_alpha': 0.5, 'reg_lambda': 1.0, 'subsample': 0.8}",-17.78247254734745,-13.647850046076353,-19.86248333877318,-17.097601977398995,2.582918570643178,103
1.1037123203277588,0.01807737227935081,0.03041553497314453,0.008426985824814126,0.8,0.03,3,1,450,0.7,1.0,0.8,"{'colsample_bytree': 0.8, 'learning_rate': 0.03, 'max_depth': 3, 'min_child_weight': 1, 'n_estimators': 450, 'reg_alpha': 0.7, 'reg_lambda': 1.0, 'subsample': 0.8}",-17.777107560153834,-13.610474064340947,-19.846269265637062,-17.077950296710615,2.593312053134109,97
0.5717552502950033,0.0031693897431218257,0.01946679751078288,0.0019335360894910925,0.8,0.03,3,3,200,0.3,1.0,0.8,"{'colsample_bytree': 0.8, 'learning_rate': 0.03, 'max_depth': 3, 'min_child_weight': 3, 'n_estimators': 200, 'reg_alpha': 0.3, 'reg_lambda': 1.0, 'subsample': 0.8}",-17.7542533747494,-12.404309388962156,-19.758111545963754,-16.63889143655844,3.104043140910917,2
0.5704362392425537,0.009753147651909926,0.02193442980448405,0.002464602289680037,0.8,0.03,3,3,200,0.5,1.0,0.8,"{'colsample_bytree': 0.8, 'learning_rate': 0.03, 'max_depth': 3, 'min_child_weight': 3, 'n_estimators': 200, 'reg_alpha': 0.5, 'reg_lambda': 1.0, 'subsample': 0.8}",-17.754319826726228,-12.40451413887697,-19.758131578953833,-16.638988514852343,3.1039647028905244,3
0.5314317544301351,0.013474823581250859,0.020344893137613933,0.003612057548028354,0.8,0.03,3,3,200,0.7,1.0,0.8,"{'colsample_bytree': 0.8, 'learning_rate': 0.03, 'max_depth': 3, 'min_child_weight': 3, 'n_estimators': 200, 'reg_alpha': 0.7, 'reg_lambda': 1.0, 'subsample': 0.8}",-17.75438570852767,-12.341769956649648,-19.758161726447366,-16.61810579720823,3.1325246206461994,1
0.7666434446970621,0.0249917467526051,0.028642972310384113,0.0001755608535834957,0.8,0.03,3,3,300,0.3,1.0,0.8,"{'colsample_bytree': 0.8, 'learning_rate': 0.03, 'max_depth': 3, 'min_child_weight': 3, 'n_estimators': 300, 'reg_alpha': 0.3, 'reg_lambda': 1.0, 'subsample': 0.8}",-17.707830086267947,-12.714066423518235,-19.789697932136523,-16.737198147307566,2.9690329606495856,8
0.7512199878692627,0.018826747041240714,0.02378670374552409,0.0031356747491483187,0.8,0.03,3,3,300,0.5,1.0,0.8,"{'colsample_bytree': 0.8, 'learning_rate': 0.03, 'max_depth': 3, 'min_child_weight': 3, 'n_estimators': 300, 'reg_alpha': 0.5, 'reg_lambda': 1.0, 'subsample': 0.8}",-17.707209679680016,-12.713726770878004,-19.789723428513867,-16.736886626357293,2.969127514447706,7
0.7698554992675781,0.016605346720546154,0.022267262140909832,0.003765135230058557,0.8,0.03,3,3,300,0.7,1.0,0.8,"{'colsample_bytree': 0.8, 'learning_rate': 0.03, 'max_depth': 3, 'min_child_weight': 3, 'n_estimators': 300, 'reg_alpha': 0.7, 'reg_lambda': 1.0, 'subsample': 0.8}",-17.718744226071298,-12.724954929587929,-19.791306039846553,-16.74500173183526,2.965856856196771,9
1.6571485996246338,0.6988033332539967,0.027841647466023762,0.0019082539946177484,0.8,0.03,3,3,450,0.3,1.0,0.8,"{'colsample_bytree': 0.8, 'learning_rate': 0.03, 'max_depth': 3, 'min_child_weight': 3, 'n_estimators': 450, 'reg_alpha': 0.3, 'reg_lambda': 1.0, 'subsample': 0.8}",-17.72703836162434,-13.893882036560516,-19.847894801159462,-17.156271733114774,2.463993764658903,122
1.2336688041687012,0.021637426955762127,0.03473949432373047,0.009724662307404161,0.8,0.03,3,3,450,0.5,1.0,0.8,"{'colsample_bytree': 0.8, 'learning_rate': 0.03, 'max_depth': 3, 'min_child_weight': 3, 'n_estimators': 450, 'reg_alpha': 0.5, 'reg_lambda': 1.0, 'subsample': 0.8}",-17.728918088868575,-13.920371228768564,-19.827622347337403,-17.158970554991516,2.445067700219854,123
1.0847299098968506,0.03123686979573355,0.027005831400553387,0.004767397265764658,0.8,0.03,3,3,450,0.7,1.0,0.8,"{'colsample_bytree': 0.8, 'learning_rate': 0.03, 'max_depth': 3, 'min_child_weight': 3, 'n_estimators': 450, 'reg_alpha': 0.7, 'reg_lambda': 1.0, 'subsample': 0.8}",-17.74528255950183,-13.8501855913885,-19.824001813131776,-17.139823321340703,2.4760931228579652,114
0.5896833737691244,0.08664313500781767,0.018706639607747395,0.0012478774881286487,0.8,0.03,3,5,200,0.3,1.0,0.8,"{'colsample_bytree': 0.8, 'learning_rate': 0.03, 'max_depth': 3, 'min_child_weight': 5, 'n_estimators': 200, 'reg_alpha': 0.3, 'reg_lambda': 1.0, 'subsample': 0.8}",-17.76178790917057,-12.510748161311225,-19.745717721302025,-16.67275126392794,3.052397608930763,5
0.5303842226664225,0.012616874221428064,0.016945838928222656,0.0012890113359558515,0.8,0.03,3,5,200,0.5,1.0,0.8,"{'colsample_bytree': 0.8, 'learning_rate': 0.03, 'max_depth': 3, 'min_child_weight': 5, 'n_estimators': 200, 'reg_alpha': 0.5, 'reg_lambda': 1.0, 'subsample': 0.8}",-17.76078659379711,-12.510860935196304,-19.745735341780705,-16.672460956924706,3.0522332194277895,4
0.5203545093536377,0.005118158734981204,0.016588608423868816,0.0010210996579035174,0.8,0.03,3,5,200,0.7,1.0,0.8,"{'colsample_bytree': 0.8, 'learning_rate': 0.03, 'max_depth': 3, 'min_child_weight': 5, 'n_estimators': 200, 'reg_alpha': 0.7, 'reg_lambda': 1.0, 'subsample': 0.8}",-17.765607234968993,-12.518015171414048,-19.745997638798766,-16.6765400150606,3.0496429511572294,6
0.749713659286499,0.008906556121708376,0.019682963689168293,0.0010336494508663818,0.8,0.03,3,5,300,0.3,1.0,0.8,"{'colsample_bytree': 0.8, 'learning_rate': 0.03, 'max_depth': 3, 'min_child_weight': 5, 'n_estimators': 300, 'reg_alpha': 0.3, 'reg_lambda': 1.0, 'subsample': 0.8}",-17.71271375685988,-13.326257592536901,-19.788913367441396,-16.94262823894606,2.6939752157857786,46
0.7702306906382242,0.007531863417796707,0.02369348208109538,0.0022786286592368504,0.8,0.03,3,5,300,0.5,1.0,0.8,"{'colsample_bytree': 0.8, 'learning_rate': 0.03, 'max_depth': 3, 'min_child_weight': 5, 'n_estimators': 300, 'reg_alpha': 0.5, 'reg_lambda': 1.0, 'subsample': 0.8}",-17.710274679681536,-13.511483520742967,-19.78891121231996,-17.00355647091482,2.611016733726058,72
0.750598669052124,0.03251799196391495,0.022551933924357098,0.0038528340795774374,0.8,0.03,3,5,300,0.7,1.0,0.8,"{'colsample_bytree': 0.8, 'learning_rate': 0.03, 'max_depth': 3, 'min_child_weight': 5, 'n_estimators': 300, 'reg_alpha': 0.7, 'reg_lambda': 1.0, 'subsample': 0.8}",-17.72073538347453,-13.551341749433483,-19.78989887681717,-17.020658669908396,2.5945429027821216,80
1.1129353046417236,0.014240963910062777,0.026586135228474934,0.0009054945192685386,0.8,0.03,3,5,450,0.3,1.0,0.8,"{'colsample_bytree': 0.8, 'learning_rate': 0.03, 'max_depth': 3, 'min_child_weight': 5, 'n_estimators': 450, 'reg_alpha': 0.3, 'reg_lambda': 1.0, 'subsample': 0.8}",-17.74009824634035,-14.440463102526662,-19.85042144343971,-17.343660930768905,2.226324957036713,174
1.1205161412556965,0.02985025900789313,0.031400601069132485,0.008210103991407569,0.8,0.03,3,5,450,0.5,1.0,0.8,"{'colsample_bytree': 0.8, 'learning_rate': 0.03, 'max_depth': 3, 'min_child_weight': 5, 'n_estimators': 450, 'reg_alpha': 0.5, 'reg_lambda': 1.0, 'subsample': 0.8}",-17.735597845410858,-14.77833831655721,-19.847060846440247,-17.45366566946944,2.078878116534536,194
1.346882740656535,0.07408473186587546,0.03595717748006185,0.005703153048312181,0.8,0.03,3,5,450,0.7,1.0,0.8,"{'colsample_bytree': 0.8, 'learning_rate': 0.03, 'max_depth': 3, 'min_child_weight': 5, 'n_estimators': 450, 'reg_alpha': 0.7, 'reg_lambda': 1.0, 'subsample': 0.8}",-17.72525808987183,-14.582460536661474,-19.853923063163876,-17.387213896565726,2.165299779022257,184
0.7470138867696127,0.034606077089598536,0.02188905080159505,0.0022474806665895527,0.8,0.03,4,1,200,0.3,1.0,0.8,"{'colsample_bytree': 0.8, 'learning_rate': 0.03, 'max_depth': 4, 'min_child_weight': 1, 'n_estimators': 200, 'reg_alpha': 0.3, 'reg_lambda': 1.0, 'subsample': 0.8}",-17.753274084453402,-13.162663157147726,-19.790940029764666,-16.902292423788598,2.7720799549685937,38
0.729598601659139,0.015261765565157653,0.021867911020914715,0.0016356852805385286,0.8,0.03,4,1,200,0.5,1.0,0.8,"{'colsample_bytree': 0.8, 'learning_rate': 0.03, 'max_depth': 4, 'min_child_weight': 1, 'n_estimators': 200, 'reg_alpha': 0.5, 'reg_lambda': 1.0, 'subsample': 0.8}",-17.755532235996967,-13.173529288872455,-19.780161929084684,-16.90307448465137,2.763682552205939,39
0.7513910929361979,0.027785892525788045,0.022675434748331707,0.000696296125545499,0.8,0.03,4,1,200,0.7,1.0,0.8,"{'colsample_bytree': 0.8, 'learning_rate': 0.03, 'max_depth': 4, 'min_child_weight': 1, 'n_estimators': 200, 'reg_alpha': 0.7, 'reg_lambda': 1.0, 'subsample': 0.8}",-17.751574381185737,-13.064973949660226,-19.779776158907783,-16.86544149658458,2.812005902578874,31
1.1337770620981853,0.03195831854858851,0.029489994049072266,0.006049976383984087,0.8,0.03,4,1,300,0.3,1.0,0.8,"{'colsample_bytree': 0.8, 'learning_rate': 0.03, 'max_depth': 4, 'min_child_weight': 1, 'n_estimators': 300, 'reg_alpha': 0.3, 'reg_lambda': 1.0, 'subsample': 0.8}",-17.839876348467797,-13.339144223000948,-19.843612794938476,-17.007544455469073,2.7198786904208165,76
1.353563706080119,0.12135290772951784,0.03264077504475912,0.0059110443527006454,0.8,0.03,4,1,300,0.5,1.0,0.8,"{'colsample_bytree': 0.8, 'learning_rate': 0.03, 'max_depth': 4, 'min_child_weight': 1, 'n_estimators': 300, 'reg_alpha': 0.5, 'reg_lambda': 1.0, 'subsample': 0.8}",-17.81863778466628,-13.33712550783244,-19.85818157865009,-17.004648290382935,2.7237201572224303,73
1.2855257193247478,0.037092644978824564,0.06665953000386556,0.026252324878043968,0.8,0.03,4,1,300,0.7,1.0,0.8,"{'colsample_bytree': 0.8, 'learning_rate': 0.03, 'max_depth': 4, 'min_child_weight': 1, 'n_estimators': 300, 'reg_alpha': 0.7, 'reg_lambda': 1.0, 'subsample': 0.8}",-17.842415723084734,-13.410654370756273,-19.847408245017967,-17.03349277961966,2.6893267256327538,83
1.5647711753845215,0.18507256019236987,0.036580562591552734,0.0022786263530862124,0.8,0.03,4,1,450,0.3,1.0,0.8,"{'colsample_bytree': 0.8, 'learning_rate': 0.03, 'max_depth': 4, 'min_child_weight': 1, 'n_estimators': 450, 'reg_alpha': 0.3, 'reg_lambda': 1.0, 'subsample': 0.8}",-17.98893552993247,-13.553991264113357,-19.89952449764176,-17.147483763895863,2.6580041146667366,118
1.4513899485270183,0.01972498394244778,0.03958741823832194,0.013083915580176757,0.8,0.03,4,1,450,0.5,1.0,0.8,"{'colsample_bytree': 0.8, 'learning_rate': 0.03, 'max_depth': 4, 'min_child_weight': 1, 'n_estimators': 450, 'reg_alpha': 0.5, 'reg_lambda': 1.0, 'subsample': 0.8}",-17.967192544559158,-13.532530568604733,-19.917835066877295,-17.139186060013728,2.6717315780534436,113
1.4697542190551758,0.040898894075978305,0.028091828028361004,0.0021951558678679995,0.8,0.03,4,1,450,0.7,1.0,0.8,"{'colsample_bytree': 0.8, 'learning_rate': 0.03, 'max_depth': 4, 'min_child_weight': 1, 'n_estimators': 450, 'reg_alpha': 0.7, 'reg_lambda': 1.0, 'subsample': 0.8}",-17.98460996282585,-13.667101466276456,-19.91449217044171,-17.18873453318134,2.6118366369608554,131
0.7013734181722006,0.023841004892295344,0.026126861572265625,0.0013814925044737933,0.8,0.03,4,3,200,0.3,1.0,0.8,"{'colsample_bytree': 0.8, 'learning_rate': 0.03, 'max_depth': 4, 'min_child_weight': 3, 'n_estimators': 200, 'reg_alpha': 0.3, 'reg_lambda': 1.0, 'subsample': 0.8}",-17.7180490619612,-12.90637466381687,-19.76780801029529,-16.797410578691117,2.8758185275036494,15
0.6682315667470297,0.023650675444870952,0.02054135004679362,0.00290451301414706,0.8,0.03,4,3,200,0.5,1.0,0.8,"{'colsample_bytree': 0.8, 'learning_rate': 0.03, 'max_depth': 4, 'min_child_weight': 3, 'n_estimators': 200, 'reg_alpha': 0.5, 'reg_lambda': 1.0, 'subsample': 0.8}",-17.716492535519446,-12.836000424659048,-19.76762875377679,-16.773373904651763,2.9073438493092176,13
0.6867454846700033,0.01909057125422809,0.023024876912434895,0.004042830058275207,0.8,0.03,4,3,200,0.7,1.0,0.8,"{'colsample_bytree': 0.8, 'learning_rate': 0.03, 'max_depth': 4, 'min_child_weight': 3, 'n_estimators': 200, 'reg_alpha': 0.7, 'reg_lambda': 1.0, 'subsample': 0.8}",-17.72180816333,-12.788087284953006,-19.767162915062023,-16.759019454448342,2.929402184309727,10
0.9749877452850342,0.01801289053218674,0.026930729548136394,0.0024758994353546717,0.8,0.03,4,3,300,0.3,1.0,0.8,"{'colsample_bytree': 0.8, 'learning_rate': 0.03, 'max_depth': 4, 'min_child_weight': 3, 'n_estimators': 300, 'reg_alpha': 0.3, 'reg_lambda': 1.0, 'subsample': 0.8}",-17.763123070817507,-13.125852026175977,-19.833661392448978,-16.90754549648082,2.8044828831528323,40
0.9722365538279215,0.017762776206359195,0.02825299898783366,0.0008116454413475562,0.8,0.03,4,3,300,0.5,1.0,0.8,"{'colsample_bytree': 0.8, 'learning_rate': 0.03, 'max_depth': 4, 'min_child_weight': 3, 'n_estimators': 300, 'reg_alpha': 0.5, 'reg_lambda': 1.0, 'subsample': 0.8}",-17.772116344092908,-13.287117674058809,-19.831825495338407,-16.963686504496707,2.732333461913917,58
1.1619160970052083,0.05722142831502321,0.025357723236083984,0.003187175944918089,0.8,0.03,4,3,300,0.7,1.0,0.8,"{'colsample_bytree': 0.8, 'learning_rate': 0.03, 'max_depth': 4, 'min_child_weight': 3, 'n_estimators': 300, 'reg_alpha': 0.7, 'reg_lambda': 1.0, 'subsample': 0.8}",-17.770047382026483,-13.39009508404598,-19.828925308931876,-16.99635592500145,2.684968344845203,70
1.6024271647135417,0.03233117711946586,0.04149691263834635,0.01259155372238848,0.8,0.03,4,3,450,0.3,1.0,0.8,"{'colsample_bytree': 0.8, 'learning_rate': 0.03, 'max_depth': 4, 'min_child_weight': 3, 'n_estimators': 450, 'reg_alpha': 0.3, 'reg_lambda': 1.0, 'subsample': 0.8}",-17.871187071546487,-13.810100888393391,-19.910957782995467,-17.197415247645115,2.535822031756955,134
1.5512669881184895,0.07662300261570729,0.03290414810180664,0.0009771864226317893,0.8,0.03,4,3,450,0.5,1.0,0.8,"{'colsample_bytree': 0.8, 'learning_rate': 0.03, 'max_depth': 4, 'min_child_weight': 3, 'n_estimators': 450, 'reg_alpha': 0.5, 'reg_lambda': 1.0, 'subsample': 0.8}",-17.871001402753738,-13.823973533832714,-19.931227481545175,-17.20873413937721,2.5368728967723944,137
1.5039251645406086,0.0886177465320041,0.04017790158589681,0.004057129968073219,0.8,0.03,4,3,450,0.7,1.0,0.8,"{'colsample_bytree': 0.8, 'learning_rate': 0.03, 'max_depth': 4, 'min_child_weight': 3, 'n_estimators': 450, 'reg_alpha': 0.7, 'reg_lambda': 1.0, 'subsample': 0.8}",-17.874457120983863,-13.921381354600678,-19.919694950361283,-17.23851114198194,2.489747238098433,149
0.7809550762176514,0.052977437332755346,0.02401280403137207,0.005028026913443863,0.8,0.03,4,5,200,0.3,1.0,0.8,"{'colsample_bytree': 0.8, 'learning_rate': 0.03, 'max_depth': 4, 'min_child_weight': 5, 'n_estimators': 200, 'reg_alpha': 0.3, 'reg_lambda': 1.0, 'subsample': 0.8}",-17.714727773330512,-13.381509603678271,-19.75667434107542,-16.950970572694732,2.6580914397841,50
0.7130920092264811,0.02021982491213224,0.022353251775105793,0.0045819198308680205,0.8,0.03,4,5,200,0.5,1.0,0.8,"{'colsample_bytree': 0.8, 'learning_rate': 0.03, 'max_depth': 4, 'min_child_weight': 5, 'n_estimators': 200, 'reg_alpha': 0.5, 'reg_lambda': 1.0, 'subsample': 0.8}",-17.72350197436767,-13.444767217037683,-19.757029435184187,-16.975099542196514,2.630746817669808,63
0.7178045113881429,0.011275759552586025,0.019895474116007488,0.004303685559613912,0.8,0.03,4,5,200,0.7,1.0,0.8,"{'colsample_bytree': 0.8, 'learning_rate': 0.03, 'max_depth': 4, 'min_child_weight': 5, 'n_estimators': 200, 'reg_alpha': 0.7, 'reg_lambda': 1.0, 'subsample': 0.8}",-17.72397495945956,-13.443410775443512,-19.754304440859514,-16.973896725254196,2.6304382058405444,62
1.0476922194163005,0.021603949720523756,0.024248679478963215,0.0027101085389723283,0.8,0.03,4,5,300,0.3,1.0,0.8,"{'colsample_bytree': 0.8, 'learning_rate': 0.03, 'max_depth': 4, 'min_child_weight': 5, 'n_estimators': 300, 'reg_alpha': 0.3, 'reg_lambda': 1.0, 'subsample': 0.8}",-17.757780481272594,-13.586650391170826,-19.82244226886225,-17.055624380435223,2.5937158001508105,94
1.0170413653055828,0.04477362842395038,0.03921039899190267,0.0063016030967852354,0.8,0.03,4,5,300,0.5,1.0,0.8,"{'colsample_bytree': 0.8, 'learning_rate': 0.03, 'max_depth': 4, 'min_child_weight': 5, 'n_estimators': 300, 'reg_alpha': 0.5, 'reg_lambda': 1.0, 'subsample': 0.8}",-17.75837071121137,-13.87750469851428,-19.80802908062374,-17.147968163449796,2.459298452056882,119
1.314891258875529,0.48165090256520504,0.0243834654490153,0.004637247273251501,0.8,0.03,4,5,300,0.7,1.0,0.8,"{'colsample_bytree': 0.8, 'learning_rate': 0.03, 'max_depth': 4, 'min_child_weight': 5, 'n_estimators': 300, 'reg_alpha': 0.7, 'reg_lambda': 1.0, 'subsample': 0.8}",-17.770712474058598,-13.736352792224075,-19.800473940511313,-17.10251306893133,2.5203517160686735,106
1.4621323744455974,0.0249438460496902,0.030753691991170246,0.005653381968817231,0.8,0.03,4,5,450,0.3,1.0,0.8,"{'colsample_bytree': 0.8, 'learning_rate': 0.03, 'max_depth': 4, 'min_child_weight': 5, 'n_estimators': 450, 'reg_alpha': 0.3, 'reg_lambda': 1.0, 'subsample': 0.8}",-17.853844339630577,-13.708944447641496,-19.88868222233487,-17.15049033653565,2.571422418460945,121
1.6918033758799236,0.12080330893895572,0.03698881467183431,0.006075814516127056,0.8,0.03,4,5,450,0.5,1.0,0.8,"{'colsample_bytree': 0.8, 'learning_rate': 0.03, 'max_depth': 4, 'min_child_weight': 5, 'n_estimators': 450, 'reg_alpha': 0.5, 'reg_lambda': 1.0, 'subsample': 0.8}",-17.851330391426536,-14.11733654106521,-19.871687765452236,-17.280118232647993,2.3836739152204314,156
1.7479822635650635,0.1000997622942137,0.03707075119018555,0.0026121776766743652,0.8,0.03,4,5,450,0.7,1.0,0.8,"{'colsample_bytree': 0.8, 'learning_rate': 0.03, 'max_depth': 4, 'min_child_weight': 5, 'n_estimators': 450, 'reg_alpha': 0.7, 'reg_lambda': 1.0, 'subsample': 0.8}",-17.85742188829946,-13.842643693295933,-19.85201708899177,-17.184027556862386,2.4990981168457433,129
1.578668514887492,0.09171329026568997,0.03526425361633301,0.004469831525808025,0.8,0.03,6,1,200,0.3,1.0,0.8,"{'colsample_bytree': 0.8, 'learning_rate': 0.03, 'max_depth': 6, 'min_child_weight': 1, 'n_estimators': 200, 'reg_alpha': 0.3, 'reg_lambda': 1.0, 'subsample': 0.8}",-17.95322062057816,-12.336003673082235,-20.00769784951995,-16.76564071439345,3.242579467993278,12
1.5011043548583984,0.08500066529113044,0.07166894276936848,0.015334175854053566,0.8,0.03,6,1,200,0.5,1.0,0.8,"{'colsample_bytree': 0.8, 'learning_rate': 0.03, 'max_depth': 6, 'min_child_weight': 1, 'n_estimators': 200, 'reg_alpha': 0.5, 'reg_lambda': 1.0, 'subsample': 0.8}",-17.959380428067597,-12.43928178492253,-20.017283841484154,-16.805315351491426,3.1995237607121703,17
1.3943112691243489,0.14505897646426413,0.03660901387532552,0.004757093066432321,0.8,0.03,6,1,200,0.7,1.0,0.8,"{'colsample_bytree': 0.8, 'learning_rate': 0.03, 'max_depth': 6, 'min_child_weight': 1, 'n_estimators': 200, 'reg_alpha': 0.7, 'reg_lambda': 1.0, 'subsample': 0.8}",-17.96157615838619,-12.311585862496646,-20.00712567537492,-16.760095898752585,3.254535231910036,11
1.688279390335083,0.0414673995520223,0.026893059412638348,0.003085230786663499,0.8,0.03,6,1,300,0.3,1.0,0.8,"{'colsample_bytree': 0.8, 'learning_rate': 0.03, 'max_depth': 6, 'min_child_weight': 1, 'n_estimators': 300, 'reg_alpha': 0.3, 'reg_lambda': 1.0, 'subsample': 0.8}",-18.106800108144114,-12.372778358509539,-20.06726054880322,-16.84894633848562,3.2647522747848945,25
1.9737168153127034,0.19031315989691613,0.038109779357910156,0.0031057620587219364,0.8,0.03,6,1,300,0.5,1.0,0.8,"{'colsample_bytree': 0.8, 'learning_rate': 0.03, 'max_depth': 6, 'min_child_weight': 1, 'n_estimators': 300, 'reg_alpha': 0.5, 'reg_lambda': 1.0, 'subsample': 0.8}",-18.16132873915488,-12.497681163575855,-20.076251999307935,-16.911753967346225,3.217634929655393,42
1.7755956649780273,0.11966042278083311,0.02916232744852702,0.0031431985048635683,0.8,0.03,6,1,300,0.7,1.0,0.8,"{'colsample_bytree': 0.8, 'learning_rate': 0.03, 'max_depth': 6, 'min_child_weight': 1, 'n_estimators': 300, 'reg_alpha': 0.7, 'reg_lambda': 1.0, 'subsample': 0.8}",-18.138426138345135,-12.348496338947637,-20.06214472760127,-16.849689068298016,3.278284642180006,26
2.6379260222117105,0.1105441275305952,0.04827650388081869,0.0040166741670707,0.8,0.03,6,1,450,0.3,1.0,0.8,"{'colsample_bytree': 0.8, 'learning_rate': 0.03, 'max_depth': 6, 'min_child_weight': 1, 'n_estimators': 450, 'reg_alpha': 0.3, 'reg_lambda': 1.0, 'subsample': 0.8}",-18.24845726598723,-12.462448008537649,-20.16749747185216,-16.95946758212568,3.2749623521354594,54
2.7857770125071206,0.14706447815604384,0.04254762331644694,0.007678095445449253,0.8,0.03,6,1,450,0.5,1.0,0.8,"{'colsample_bytree': 0.8, 'learning_rate': 0.03, 'max_depth': 6, 'min_child_weight': 1, 'n_estimators': 450, 'reg_alpha': 0.5, 'reg_lambda': 1.0, 'subsample': 0.8}",-18.307287905655027,-12.583120529765274,-20.18583120136748,-17.025413212262595,3.233440318112529,82
2.82372252146403,0.21840364639716475,0.04935661951700846,0.007459363217388595,0.8,0.03,6,1,450,0.7,1.0,0.8,"{'colsample_bytree': 0.8, 'learning_rate': 0.03, 'max_depth': 6, 'min_child_weight': 1, 'n_estimators': 450, 'reg_alpha': 0.7, 'reg_lambda': 1.0, 'subsample': 0.8}",-18.275666825428925,-12.457475895368539,-20.147007515391607,-16.96005007872969,3.274177729036738,55
1.352524201075236,0.26738831903710275,0.03434069951375326,0.014892923061936464,0.8,0.03,6,3,200,0.3,1.0,0.8,"{'colsample_bytree': 0.8, 'learning_rate': 0.03, 'max_depth': 6, 'min_child_weight': 3, 'n_estimators': 200, 'reg_alpha': 0.3, 'reg_lambda': 1.0, 'subsample': 0.8}",-17.826482387401388,-12.889603710238807,-19.85632312107655,-16.85746973957225,2.925523767473154,29
1.305026372273763,0.005162371317339484,0.4359418551127116,0.5167464018926251,0.8,0.03,6,3,200,0.5,1.0,0.8,"{'colsample_bytree': 0.8, 'learning_rate': 0.03, 'max_depth': 6, 'min_child_weight': 3, 'n_estimators': 200, 'reg_alpha': 0.5, 'reg_lambda': 1.0, 'subsample': 0.8}",-17.843859816263834,-12.934700618015816,-19.864889977895356,-16.881150137391668,2.909981510284044,35
1.2715752124786377,0.06675041953525027,0.05052884419759115,0.021840418500258658,0.8,0.03,6,3,200,0.7,1.0,0.8,"{'colsample_bytree': 0.8, 'learning_rate': 0.03, 'max_depth': 6, 'min_child_weight': 3, 'n_estimators': 200, 'reg_alpha': 0.7, 'reg_lambda': 1.0, 'subsample': 0.8}",-17.845964421008283,-12.89600581645615,-19.86453896525748,-16.868836400907302,2.9275926330047577,32
1.8959896564483643,0.07054125025482245,0.05021262168884277,0.007891004558144689,0.8,0.03,6,3,300,0.3,1.0,0.8,"{'colsample_bytree': 0.8, 'learning_rate': 0.03, 'max_depth': 6, 'min_child_weight': 3, 'n_estimators': 300, 'reg_alpha': 0.3, 'reg_lambda': 1.0, 'subsample': 0.8}",-17.92878907974332,-13.064179862747716,-19.95551786259702,-16.982828935029353,2.8918005122048336,66
1.7473695278167725,0.15110489414089676,0.03678210576375326,0.008579980467512656,0.8,0.03,6,3,300,0.5,1.0,0.8,"{'colsample_bytree': 0.8, 'learning_rate': 0.03, 'max_depth': 6, 'min_child_weight': 3, 'n_estimators': 300, 'reg_alpha': 0.5, 'reg_lambda': 1.0, 'subsample': 0.8}",-17.950990966562443,-13.095982182576787,-19.922681849606303,-16.989884999581843,2.8686524822384825,69
1.5345954100290935,0.029992139024893914,0.027388652165730793,0.0022644843381031637,0.8,0.03,6,3,300,0.7,1.0,0.8,"{'colsample_bytree': 0.8, 'learning_rate': 0.03, 'max_depth': 6, 'min_child_weight': 3, 'n_estimators': 300, 'reg_alpha': 0.7, 'reg_lambda': 1.0, 'subsample': 0.8}",-17.931164430931123,-13.015944924183804,-19.920213792438602,-16.95577438251784,2.9018122453845794,53
2.2014761765797934,0.07315806927991682,0.03580864270528158,0.00849554180474112,0.8,0.03,6,3,450,0.3,1.0,0.8,"{'colsample_bytree': 0.8, 'learning_rate': 0.03, 'max_depth': 6, 'min_child_weight': 3, 'n_estimators': 450, 'reg_alpha': 0.3, 'reg_lambda': 1.0, 'subsample': 0.8}",-18.0547199528283,-13.279000500730131,-20.01589698031509,-17.116539144624507,2.8292025927014013,108
2.1713531017303467,0.08096305415323286,0.032570997873942055,0.004642743718671571,0.8,0.03,6,3,450,0.5,1.0,0.8,"{'colsample_bytree': 0.8, 'learning_rate': 0.03, 'max_depth': 6, 'min_child_weight': 3, 'n_estimators': 450, 'reg_alpha': 0.5, 'reg_lambda': 1.0, 'subsample': 0.8}",-18.090380450969327,-13.353667466461857,-19.983451278392923,-17.14249973194137,2.7883527683759244,115
2.1004161834716797,0.06649864660643186,0.06253242492675781,0.053031733611604084,0.8,0.03,6,3,450,0.7,1.0,0.8,"{'colsample_bytree': 0.8, 'learning_rate': 0.03, 'max_depth': 6, 'min_child_weight': 3, 'n_estimators': 450, 'reg_alpha': 0.7, 'reg_lambda': 1.0, 'subsample': 0.8}",-18.07388317913665,-13.249103166478106,-19.99557936157563,-17.106188569063463,2.8379640479902624,107
1.000682274500529,0.027167695929725007,0.019354502360026043,0.0030504630325645754,0.8,0.03,6,5,200,0.3,1.0,0.8,"{'colsample_bytree': 0.8, 'learning_rate': 0.03, 'max_depth': 6, 'min_child_weight': 5, 'n_estimators': 200, 'reg_alpha': 0.3, 'reg_lambda': 1.0, 'subsample': 0.8}",-17.825652110415657,-12.810605527421147,-19.89473613577247,-16.84366459120309,2.974273158825189,24
1.1238832473754883,0.021298248618968296,0.024717966715494793,0.0033204825355935717,0.8,0.03,6,5,200,0.5,1.0,0.8,"{'colsample_bytree': 0.8, 'learning_rate': 0.03, 'max_depth': 6, 'min_child_weight': 5, 'n_estimators': 200, 'reg_alpha': 0.5, 'reg_lambda': 1.0, 'subsample': 0.8}",-17.832326364480856,-12.761864463648214,-19.856060711416372,-16.816750513181816,2.9838957569781472,19
1.167802095413208,0.015602358016379608,0.02523191769917806,0.004200961868170289,0.8,0.03,6,5,200,0.7,1.0,0.8,"{'colsample_bytree': 0.8, 'learning_rate': 0.03, 'max_depth': 6, 'min_child_weight': 5, 'n_estimators': 200, 'reg_alpha': 0.7, 'reg_lambda': 1.0, 'subsample': 0.8}",-17.830986885278314,-12.723430127260137,-19.899050759086514,-16.817822590541656,3.0157651631683806,20
1.5644826889038086,0.005487402304198591,0.024147748947143555,0.0011670939885412113,0.8,0.03,6,5,300,0.3,1.0,0.8,"{'colsample_bytree': 0.8, 'learning_rate': 0.03, 'max_depth': 6, 'min_child_weight': 5, 'n_estimators': 300, 'reg_alpha': 0.3, 'reg_lambda': 1.0, 'subsample': 0.8}",-17.911725496925353,-13.162555062213933,-19.944557899599477,-17.006279486246253,2.8418028292227233,75
1.6752217610677083,0.031729889816396864,0.027585585912068684,0.004149139160313024,0.8,0.03,6,5,300,0.5,1.0,0.8,"{'colsample_bytree': 0.8, 'learning_rate': 0.03, 'max_depth': 6, 'min_child_weight': 5, 'n_estimators': 300, 'reg_alpha': 0.5, 'reg_lambda': 1.0, 'subsample': 0.8}",-17.918989738808936,-13.021594848387686,-19.924290400782578,-16.9549583293264,2.8992894406635474,52
2.114450216293335,0.18475140174344468,0.04860170682271322,0.02164182864656329,0.8,0.03,6,5,300,0.7,1.0,0.8,"{'colsample_bytree': 0.8, 'learning_rate': 0.03, 'max_depth': 6, 'min_child_weight': 5, 'n_estimators': 300, 'reg_alpha': 0.7, 'reg_lambda': 1.0, 'subsample': 0.8}",-17.91917418857917,-12.595521510476733,-19.948620125351123,-16.821105274802342,3.1006807117759574,21
2.49535338083903,0.15901369520418882,0.043144941329956055,0.01164323565584209,0.8,0.03,6,5,450,0.3,1.0,0.8,"{'colsample_bytree': 0.8, 'learning_rate': 0.03, 'max_depth': 6, 'min_child_weight': 5, 'n_estimators': 450, 'reg_alpha': 0.3, 'reg_lambda': 1.0, 'subsample': 0.8}",-18.030709761827644,-13.215701783335277,-20.001656948455057,-17.08268949787266,2.8503045090429566,100
2.293848673502604,0.1115969444061186,0.03844316800435384,0.009385472803674518,0.8,0.03,6,5,450,0.5,1.0,0.8,"{'colsample_bytree': 0.8, 'learning_rate': 0.03, 'max_depth': 6, 'min_child_weight': 5, 'n_estimators': 450, 'reg_alpha': 0.5, 'reg_lambda': 1.0, 'subsample': 0.8}",-18.019068591155015,-13.13996392617628,-19.971535873305537,-17.043522796878946,2.8730194354544087,89
2.2546077569325766,0.04973564707400128,0.043557167053222656,0.010403656699429864,0.8,0.03,6,5,450,0.7,1.0,0.8,"{'colsample_bytree': 0.8, 'learning_rate': 0.03, 'max_depth': 6, 'min_child_weight': 5, 'n_estimators': 450, 'reg_alpha': 0.7, 'reg_lambda': 1.0, 'subsample': 0.8}",-18.047807349542403,-12.804953863363025,-19.977821020884893,-16.943527411263442,3.0306304571192224,47
0.614632765452067,0.10237403644613562,0.023277680079142254,0.006933854639734745,0.8,0.05,3,1,200,0.3,1.0,0.8,"{'colsample_bytree': 0.8, 'learning_rate': 0.05, 'max_depth': 3, 'min_child_weight': 1, 'n_estimators': 200, 'reg_alpha': 0.3, 'reg_lambda': 1.0, 'subsample': 0.8}",-17.743779018382625,-13.057428382024431,-19.833828307622944,-16.878345236010002,2.833329103330182,33
0.5396749973297119,0.005983124292639722,0.025921185811360676,0.0023705708250150066,0.8,0.05,3,1,200,0.5,1.0,0.8,"{'colsample_bytree': 0.8, 'learning_rate': 0.05, 'max_depth': 3, 'min_child_weight': 1, 'n_estimators': 200, 'reg_alpha': 0.5, 'reg_lambda': 1.0, 'subsample': 0.8}",-17.745751691622182,-13.31191484536169,-19.83156665602973,-16.963077731004535,2.7185656548455164,57
0.5419638951619467,0.011633640352162515,0.02460590998331706,0.0005915739210613425,0.8,0.05,3,1,200,0.7,1.0,0.8,"{'colsample_bytree': 0.8, 'learning_rate': 0.05, 'max_depth': 3, 'min_child_weight': 1, 'n_estimators': 200, 'reg_alpha': 0.7, 'reg_lambda': 1.0, 'subsample': 0.8}",-17.740242981401526,-13.394827197968135,-19.821962499983133,-16.985677559784264,2.677566529422712,68
1.1291477680206299,0.5237037889428666,0.035553693771362305,0.0032483397793603153,0.8,0.05,3,1,300,0.3,1.0,0.8,"{'colsample_bytree': 0.8, 'learning_rate': 0.05, 'max_depth': 3, 'min_child_weight': 1, 'n_estimators': 300, 'reg_alpha': 0.3, 'reg_lambda': 1.0, 'subsample': 0.8}",-17.802669799100435,-13.910027342087261,-19.900501826344875,-17.20439965584419,2.481920158515616,135
0.7662653128306071,0.01430618663763269,0.020993868509928387,0.00244600487478049,0.8,0.05,3,1,300,0.5,1.0,0.8,"{'colsample_bytree': 0.8, 'learning_rate': 0.05, 'max_depth': 3, 'min_child_weight': 1, 'n_estimators': 300, 'reg_alpha': 0.5, 'reg_lambda': 1.0, 'subsample': 0.8}",-17.80838054125063,-14.287572463430516,-19.87387284490342,-17.323275283194857,2.3062499606585147,168
1.1160945892333984,0.10123238047851582,0.0450747013092041,0.01390225523105229,0.8,0.05,3,1,300,0.7,1.0,0.8,"{'colsample_bytree': 0.8, 'learning_rate': 0.05, 'max_depth': 3, 'min_child_weight': 1, 'n_estimators': 300, 'reg_alpha': 0.7, 'reg_lambda': 1.0, 'subsample': 0.8}",-17.79661656866849,-14.484373106188135,-19.891872198725924,-17.390953957860848,2.2261601056984057,185
1.6545514265696208,0.2639965993577357,0.05002411206563314,0.0127000104581069,0.8,0.05,3,1,450,0.3,1.0,0.8,"{'colsample_bytree': 0.8, 'learning_rate': 0.05, 'max_depth': 3, 'min_child_weight': 1, 'n_estimators': 450, 'reg_alpha': 0.3, 'reg_lambda': 1.0, 'subsample': 0.8}",-17.962593390589795,-14.657401882927584,-19.9542005833868,-17.52473195230139,2.1844619623836596,200
1.5376067956288655,0.12410302829661589,0.04953948656717936,0.010879012908245668,0.8,0.05,3,1,450,0.5,1.0,0.8,"{'colsample_bytree': 0.8, 'learning_rate': 0.05, 'max_depth': 3, 'min_child_weight': 1, 'n_estimators': 450, 'reg_alpha': 0.5, 'reg_lambda': 1.0, 'subsample': 0.8}",-17.95122136044691,-14.967507643838449,-19.94866916935257,-17.62246605787931,2.0467946603637404,212
1.3263437747955322,0.1449543843173747,0.05604736010233561,0.016955278595599997,0.8,0.05,3,1,450,0.7,1.0,0.8,"{'colsample_bytree': 0.8, 'learning_rate': 0.05, 'max_depth': 3, 'min_child_weight': 1, 'n_estimators': 450, 'reg_alpha': 0.7, 'reg_lambda': 1.0, 'subsample': 0.8}",-17.932774647704044,-15.356401878244315,-19.921433834216476,-17.736870120054945,1.8688076640337312,227
0.802283763885498,0.08646385014853938,0.041158040364583336,0.013437349666242996,0.8,0.05,3,3,200,0.3,1.0,0.8,"{'colsample_bytree': 0.8, 'learning_rate': 0.05, 'max_depth': 3, 'min_child_weight': 3, 'n_estimators': 200, 'reg_alpha': 0.3, 'reg_lambda': 1.0, 'subsample': 0.8}",-17.71161604812054,-13.402385367040006,-19.79458222036377,-16.969527878508103,2.6618372466549745,61
0.613528331120809,0.14076427217188672,0.032432874043782554,0.016093241319926028,0.8,0.05,3,3,200,0.5,1.0,0.8,"{'colsample_bytree': 0.8, 'learning_rate': 0.05, 'max_depth': 3, 'min_child_weight': 3, 'n_estimators': 200, 'reg_alpha': 0.5, 'reg_lambda': 1.0, 'subsample': 0.8}",-17.694666581638643,-13.403245429861997,-19.801259809390288,-16.966390606963643,2.6622592437789017,60
0.5990862846374512,0.03896746455917602,0.028257369995117188,0.009367754504089734,0.8,0.05,3,3,200,0.7,1.0,0.8,"{'colsample_bytree': 0.8, 'learning_rate': 0.05, 'max_depth': 3, 'min_child_weight': 3, 'n_estimators': 200, 'reg_alpha': 0.7, 'reg_lambda': 1.0, 'subsample': 0.8}",-17.697301299547817,-13.345990715347408,-19.789726058563414,-16.944339357819548,2.68398274430881,49
0.8751296997070312,0.00832236649982956,0.022982676823933918,0.0034269317619565814,0.8,0.05,3,3,300,0.3,1.0,0.8,"{'colsample_bytree': 0.8, 'learning_rate': 0.05, 'max_depth': 3, 'min_child_weight': 3, 'n_estimators': 300, 'reg_alpha': 0.3, 'reg_lambda': 1.0, 'subsample': 0.8}",-17.765718576779307,-14.404948942781132,-19.822493060448455,-17.33105352666963,2.232957134393476,170
0.8614481290181478,0.09143555525033532,0.022285938262939453,0.0013318664050255516,0.8,0.05,3,3,300,0.5,1.0,0.8,"{'colsample_bytree': 0.8, 'learning_rate': 0.05, 'max_depth': 3, 'min_child_weight': 3, 'n_estimators': 300, 'reg_alpha': 0.5, 'reg_lambda': 1.0, 'subsample': 0.8}",-17.734077478770327,-14.404719641928402,-19.83082251212331,-17.32320654427401,2.234167896271414,167
1.336976448694865,0.6618959579673183,0.792807420094808,1.0895324279148806,0.8,0.05,3,3,300,0.7,1.0,0.8,"{'colsample_bytree': 0.8, 'learning_rate': 0.05, 'max_depth': 3, 'min_child_weight': 3, 'n_estimators': 300, 'reg_alpha': 0.7, 'reg_lambda': 1.0, 'subsample': 0.8}",-17.757716060359304,-14.380561108288017,-19.827156691834784,-17.32181128682737,2.244825248041776,164
1.2374879519144695,0.08311841769998804,0.03764009475708008,0.003342348713760463,0.8,0.05,3,3,450,0.3,1.0,0.8,"{'colsample_bytree': 0.8, 'learning_rate': 0.05, 'max_depth': 3, 'min_child_weight': 3, 'n_estimators': 450, 'reg_alpha': 0.3, 'reg_lambda': 1.0, 'subsample': 0.8}",-17.87167578265938,-15.2362050382033,-19.88197233212546,-17.663284384329383,1.9023421824149054,218
1.2927509148915608,0.09180392900381086,0.029459238052368164,0.0032974348708613753,0.8,0.05,3,3,450,0.5,1.0,0.8,"{'colsample_bytree': 0.8, 'learning_rate': 0.05, 'max_depth': 3, 'min_child_weight': 3, 'n_estimators': 450, 'reg_alpha': 0.5, 'reg_lambda': 1.0, 'subsample': 0.8}",-17.847348725977422,-15.46381339726837,-19.860973824571495,-17.724045315939097,1.797249334224472,225
1.4411315123240154,0.16006547417230133,0.034086147944132485,0.001454279360079879,0.8,0.05,3,3,450,0.7,1.0,0.8,"{'colsample_bytree': 0.8, 'learning_rate': 0.05, 'max_depth': 3, 'min_child_weight': 3, 'n_estimators': 450, 'reg_alpha': 0.7, 'reg_lambda': 1.0, 'subsample': 0.8}",-17.835382299487176,-15.814613260030878,-19.866391812681172,-17.838795790733077,1.6541334284897922,232
0.7301309903462728,0.016194211049574785,0.025213082631429035,0.0046550646359186515,0.8,0.05,3,5,200,0.3,1.0,0.8,"{'colsample_bytree': 0.8, 'learning_rate': 0.05, 'max_depth': 3, 'min_child_weight': 5, 'n_estimators': 200, 'reg_alpha': 0.3, 'reg_lambda': 1.0, 'subsample': 0.8}",-17.702465670355167,-13.728174375924048,-19.81664483243458,-17.0824282929046,2.5239787224442845,99
0.6586686770121256,0.07340476642254638,0.023042599360148113,0.002242748463469287,0.8,0.05,3,5,200,0.5,1.0,0.8,"{'colsample_bytree': 0.8, 'learning_rate': 0.05, 'max_depth': 3, 'min_child_weight': 5, 'n_estimators': 200, 'reg_alpha': 0.5, 'reg_lambda': 1.0, 'subsample': 0.8}",-17.698438129566846,-13.726663952223905,-19.816637616389706,-17.080579899393484,2.524315934004428,98
0.6447749137878418,0.02109085602878068,0.02949388821919759,0.009596035607381932,0.8,0.05,3,5,200,0.7,1.0,0.8,"{'colsample_bytree': 0.8, 'learning_rate': 0.05, 'max_depth': 3, 'min_child_weight': 5, 'n_estimators': 200, 'reg_alpha': 0.7, 'reg_lambda': 1.0, 'subsample': 0.8}",-17.687178486113933,-13.725202717380585,-19.816388720261145,-17.076256641251888,2.523959304455237,96
0.8368030389149984,0.03170086645285473,0.025137583414713543,0.0014290467596078233,0.8,0.05,3,5,300,0.3,1.0,0.8,"{'colsample_bytree': 0.8, 'learning_rate': 0.05, 'max_depth': 3, 'min_child_weight': 5, 'n_estimators': 300, 'reg_alpha': 0.3, 'reg_lambda': 1.0, 'subsample': 0.8}",-17.75603549061222,-14.458800710703622,-19.850088380555498,-17.35497486062378,2.2191789632608514,179
0.815388043721517,0.02782238490409209,0.023722489674886067,0.0014744907066604417,0.8,0.05,3,5,300,0.5,1.0,0.8,"{'colsample_bytree': 0.8, 'learning_rate': 0.05, 'max_depth': 3, 'min_child_weight': 5, 'n_estimators': 300, 'reg_alpha': 0.5, 'reg_lambda': 1.0, 'subsample': 0.8}",-17.74222625189245,-14.45505348042467,-19.85751371358471,-17.35159781530061,2.222774103730823,178
1.0216750303904216,0.04112627469744678,0.03682478268941244,0.006833851918271934,0.8,0.05,3,5,300,0.7,1.0,0.8,"{'colsample_bytree': 0.8, 'learning_rate': 0.05, 'max_depth': 3, 'min_child_weight': 5, 'n_estimators': 300, 'reg_alpha': 0.7, 'reg_lambda': 1.0, 'subsample': 0.8}",-17.729332807447484,-14.458676316185533,-19.85463539796598,-17.347548173866333,2.219371267257349,177
1.962439775466919,0.7191395360859713,0.046021461486816406,0.012893364227885746,0.8,0.05,3,5,450,0.3,1.0,0.8,"{'colsample_bytree': 0.8, 'learning_rate': 0.05, 'max_depth': 3, 'min_child_weight': 5, 'n_estimators': 450, 'reg_alpha': 0.3, 'reg_lambda': 1.0, 'subsample': 0.8}",-17.87107274231456,-15.448020579759508,-19.87698336647275,-17.73202556284894,1.8107877530899255,226
1.3138236999511719,0.02288805807678589,0.05759104092915853,0.024644574953682684,0.8,0.05,3,5,450,0.5,1.0,0.8,"{'colsample_bytree': 0.8, 'learning_rate': 0.05, 'max_depth': 3, 'min_child_weight': 5, 'n_estimators': 450, 'reg_alpha': 0.5, 'reg_lambda': 1.0, 'subsample': 0.8}",-17.85681888798501,-15.35692725860666,-19.871839516345148,-17.695195220978942,1.8467448535322322,223
1.3345117568969727,0.11203056767427823,0.043675502141316734,0.008788121568785905,0.8,0.05,3,5,450,0.7,1.0,0.8,"{'colsample_bytree': 0.8, 'learning_rate': 0.05, 'max_depth': 3, 'min_child_weight': 5, 'n_estimators': 450, 'reg_alpha': 0.7, 'reg_lambda': 1.0, 'subsample': 0.8}",-17.85616942260488,-15.223613880088923,-19.863211663160463,-17.647664988618086,1.8998372687179819,213
0.7533249855041504,0.04032041079053932,0.039568583170572914,0.024098097939937887,0.8,0.05,4,1,200,0.3,1.0,0.8,"{'colsample_bytree': 0.8, 'learning_rate': 0.05, 'max_depth': 4, 'min_child_weight': 1, 'n_estimators': 200, 'reg_alpha': 0.3, 'reg_lambda': 1.0, 'subsample': 0.8}",-17.838054029910857,-13.152515257751173,-19.865105335893706,-16.951891541185244,2.8111301827571857,51
1.0657914479573567,0.17709051078724133,0.07747562726338704,0.03531198628079527,0.8,0.05,4,1,200,0.5,1.0,0.8,"{'colsample_bytree': 0.8, 'learning_rate': 0.05, 'max_depth': 4, 'min_child_weight': 1, 'n_estimators': 200, 'reg_alpha': 0.5, 'reg_lambda': 1.0, 'subsample': 0.8}",-17.829591948825076,-13.031016126029309,-19.872294408048532,-16.910967494300973,2.8674815081466236,41
0.9245571295420328,0.1098431978301914,0.03444115320841471,0.0008506408119467446,0.8,0.05,4,1,200,0.7,1.0,0.8,"{'colsample_bytree': 0.8, 'learning_rate': 0.05, 'max_depth': 4, 'min_child_weight': 1, 'n_estimators': 200, 'reg_alpha': 0.7, 'reg_lambda': 1.0, 'subsample': 0.8}",-17.82644159869229,-12.951891275085694,-19.8613929986598,-16.879908624145926,2.8991087160190077,34
1.1098015308380127,0.033618641212258916,0.028271913528442383,0.0022471143289986887,0.8,0.05,4,1,300,0.3,1.0,0.8,"{'colsample_bytree': 0.8, 'learning_rate': 0.05, 'max_depth': 4, 'min_child_weight': 1, 'n_estimators': 300, 'reg_alpha': 0.3, 'reg_lambda': 1.0, 'subsample': 0.8}",-17.96412631581131,-13.459142907829804,-19.97053050179783,-17.131266575146313,2.7227172224863403,111
1.1089390118916829,0.04197176945512664,0.03848449389139811,0.002210512907701929,0.8,0.05,4,1,300,0.5,1.0,0.8,"{'colsample_bytree': 0.8, 'learning_rate': 0.05, 'max_depth': 4, 'min_child_weight': 1, 'n_estimators': 300, 'reg_alpha': 0.5, 'reg_lambda': 1.0, 'subsample': 0.8}",-17.93730742552276,-13.221002546983097,-19.95233062109612,-17.036880197867326,2.8208475445703636,85
1.1706511974334717,0.03009728978385803,0.03854235013326009,0.011634446554367569,0.8,0.05,4,1,300,0.7,1.0,0.8,"{'colsample_bytree': 0.8, 'learning_rate': 0.05, 'max_depth': 4, 'min_child_weight': 1, 'n_estimators': 300, 'reg_alpha': 0.7, 'reg_lambda': 1.0, 'subsample': 0.8}",-17.92421370221835,-13.140636130849538,-19.966083324135788,-17.010311052401224,2.860430723637247,77
2.246363719304403,0.5892889151966282,0.04429054260253906,0.0023268302975361123,0.8,0.05,4,1,450,0.3,1.0,0.8,"{'colsample_bytree': 0.8, 'learning_rate': 0.05, 'max_depth': 4, 'min_child_weight': 1, 'n_estimators': 450, 'reg_alpha': 0.3, 'reg_lambda': 1.0, 'subsample': 0.8}",-18.133856661591917,-13.77791519699518,-20.036829212009238,-17.316200356865444,2.619786573537249,162
1.8229688008626301,0.10311460524089631,0.04178182284037272,0.004561550816733658,0.8,0.05,4,1,450,0.5,1.0,0.8,"{'colsample_bytree': 0.8, 'learning_rate': 0.05, 'max_depth': 4, 'min_child_weight': 1, 'n_estimators': 450, 'reg_alpha': 0.5, 'reg_lambda': 1.0, 'subsample': 0.8}",-18.0864135787955,-13.46232850425731,-19.985797988337243,-17.178180023796685,2.7395352002666273,128
1.486407200495402,0.08117557197492378,0.03261486689249674,0.0019923962298686007,0.8,0.05,4,1,450,0.7,1.0,0.8,"{'colsample_bytree': 0.8, 'learning_rate': 0.05, 'max_depth': 4, 'min_child_weight': 1, 'n_estimators': 450, 'reg_alpha': 0.7, 'reg_lambda': 1.0, 'subsample': 0.8}",-18.063826929605195,-13.47601437935525,-19.992592390788495,-17.177477899916315,2.7332103464115396,127
0.7175439198811849,0.0382697300381786,0.018645683924357098,0.002773185933655732,0.8,0.05,4,3,200,0.3,1.0,0.8,"{'colsample_bytree': 0.8, 'learning_rate': 0.05, 'max_depth': 4, 'min_child_weight': 3, 'n_estimators': 200, 'reg_alpha': 0.3, 'reg_lambda': 1.0, 'subsample': 0.8}",-17.764760643740196,-13.062702880932566,-19.83854249297936,-16.888668672550708,2.8347431945454513,36
0.7440182367960612,0.02795137108033472,0.02051679293314616,0.0017134119383494953,0.8,0.05,4,3,200,0.5,1.0,0.8,"{'colsample_bytree': 0.8, 'learning_rate': 0.05, 'max_depth': 4, 'min_child_weight': 3, 'n_estimators': 200, 'reg_alpha': 0.5, 'reg_lambda': 1.0, 'subsample': 0.8}",-17.74114899796033,-13.332126434186653,-19.862535411677207,-16.978603614608065,2.7200082045925518,65
0.7949843406677246,0.05371980448968207,0.026978333791097004,0.0056120809266223615,0.8,0.05,4,3,200,0.7,1.0,0.8,"{'colsample_bytree': 0.8, 'learning_rate': 0.05, 'max_depth': 4, 'min_child_weight': 3, 'n_estimators': 200, 'reg_alpha': 0.7, 'reg_lambda': 1.0, 'subsample': 0.8}",-17.740040222116235,-13.25047211221593,-19.895029973197236,-16.961847435843136,2.7678782850693584,56
1.1984470685323079,0.11876097124138242,0.0497896671295166,0.029258110625117233,0.8,0.05,4,3,300,0.3,1.0,0.8,"{'colsample_bytree': 0.8, 'learning_rate': 0.05, 'max_depth': 4, 'min_child_weight': 3, 'n_estimators': 300, 'reg_alpha': 0.3, 'reg_lambda': 1.0, 'subsample': 0.8}",-17.84264248369944,-13.400443738567658,-19.896293751478478,-17.046459991248526,2.7110203206569525,90
1.2515513102213542,0.06790299098481191,0.04308946927388509,0.012214724506114367,0.8,0.05,4,3,300,0.5,1.0,0.8,"{'colsample_bytree': 0.8, 'learning_rate': 0.05, 'max_depth': 4, 'min_child_weight': 3, 'n_estimators': 300, 'reg_alpha': 0.5, 'reg_lambda': 1.0, 'subsample': 0.8}",-17.82719507284062,-14.069344683585319,-19.929452017281218,-17.27533059123572,2.423995365115467,154
1.78233003616333,0.6589010672790458,0.06249849001566569,0.03186494551414947,0.8,0.05,4,3,300,0.7,1.0,0.8,"{'colsample_bytree': 0.8, 'learning_rate': 0.05, 'max_depth': 4, 'min_child_weight': 3, 'n_estimators': 300, 'reg_alpha': 0.7, 'reg_lambda': 1.0, 'subsample': 0.8}",-17.87487192547418,-13.660730085253876,-19.946401886802278,-17.160667965843444,2.6153371957435176,124
1.6254603068033855,0.14394472987726767,0.032617410024007164,0.0027827858836321205,0.8,0.05,4,3,450,0.3,1.0,0.8,"{'colsample_bytree': 0.8, 'learning_rate': 0.05, 'max_depth': 4, 'min_child_weight': 3, 'n_estimators': 450, 'reg_alpha': 0.3, 'reg_lambda': 1.0, 'subsample': 0.8}",-17.965840721998827,-13.790549334545286,-19.941613253743167,-17.23266777009576,2.564118271786774,145
1.7049320538838704,0.13558469921157185,0.038065830866495766,0.002247739768822511,0.8,0.05,4,3,450,0.5,1.0,0.8,"{'colsample_bytree': 0.8, 'learning_rate': 0.05, 'max_depth': 4, 'min_child_weight': 3, 'n_estimators': 450, 'reg_alpha': 0.5, 'reg_lambda': 1.0, 'subsample': 0.8}",-17.94590526135547,-14.709541762086625,-19.9585576291317,-17.53800155085793,2.162225854823525,202
1.313382863998413,0.05395545127221653,0.03127765655517578,0.007512356361035966,0.8,0.05,4,3,450,0.7,1.0,0.8,"{'colsample_bytree': 0.8, 'learning_rate': 0.05, 'max_depth': 4, 'min_child_weight': 3, 'n_estimators': 450, 'reg_alpha': 0.7, 'reg_lambda': 1.0, 'subsample': 0.8}",-17.98246870926197,-13.986928067962488,-20.02215322010668,-17.330516665777044,2.5066267850801136,169
0.6299533843994141,0.01658129350575249,0.020626942316691082,0.0029900136287635735,0.8,0.05,4,5,200,0.3,1.0,0.8,"{'colsample_bytree': 0.8, 'learning_rate': 0.05, 'max_depth': 4, 'min_child_weight': 5, 'n_estimators': 200, 'reg_alpha': 0.3, 'reg_lambda': 1.0, 'subsample': 0.8}",-17.74782407225482,-13.20320492631153,-19.835011428834136,-16.928680142466828,2.7686894559227433,44
0.6474016507466634,0.010592284005217415,0.021392981211344402,0.002114784124693599,0.8,0.05,4,5,200,0.5,1.0,0.8,"{'colsample_bytree': 0.8, 'learning_rate': 0.05, 'max_depth': 4, 'min_child_weight': 5, 'n_estimators': 200, 'reg_alpha': 0.5, 'reg_lambda': 1.0, 'subsample': 0.8}",-17.74144631889062,-12.868584301107385,-19.836154957188093,-16.815395192395368,2.918896849671303,18
0.6338550249735514,0.025724244299816654,0.017613887786865234,0.00105277497168101,0.8,0.05,4,5,200,0.7,1.0,0.8,"{'colsample_bytree': 0.8, 'learning_rate': 0.05, 'max_depth': 4, 'min_child_weight': 5, 'n_estimators': 200, 'reg_alpha': 0.7, 'reg_lambda': 1.0, 'subsample': 0.8}",-17.726209359166177,-13.180219173196418,-19.83273016573119,-16.913052899364597,2.776075551029639,43
0.9032980600992838,0.021789756944599354,0.02213295300801595,0.0028995892960532624,0.8,0.05,4,5,300,0.3,1.0,0.8,"{'colsample_bytree': 0.8, 'learning_rate': 0.05, 'max_depth': 4, 'min_child_weight': 5, 'n_estimators': 300, 'reg_alpha': 0.3, 'reg_lambda': 1.0, 'subsample': 0.8}",-17.836701754402203,-13.330000752642837,-19.935099781294614,-17.033934096113217,2.7556197402726244,84
0.9774704774220785,0.033737234105306685,0.02644189198811849,0.006009969918686863,0.8,0.05,4,5,300,0.5,1.0,0.8,"{'colsample_bytree': 0.8, 'learning_rate': 0.05, 'max_depth': 4, 'min_child_weight': 5, 'n_estimators': 300, 'reg_alpha': 0.5, 'reg_lambda': 1.0, 'subsample': 0.8}",-17.829345907382216,-12.940628551032262,-19.900375958278328,-16.89011680556427,2.9178913016587162,37
0.9715844790140787,0.029981436239612705,0.020278215408325195,0.0001786043210091681,0.8,0.05,4,5,300,0.7,1.0,0.8,"{'colsample_bytree': 0.8, 'learning_rate': 0.05, 'max_depth': 4, 'min_child_weight': 5, 'n_estimators': 300, 'reg_alpha': 0.7, 'reg_lambda': 1.0, 'subsample': 0.8}",-17.820855909375585,-13.27255954545495,-19.910776569620474,-17.00139734148367,2.7712951933886854,71
1.8854989210764568,0.7499275860462953,0.0382692019144694,0.006674728425845145,0.8,0.05,4,5,450,0.3,1.0,0.8,"{'colsample_bytree': 0.8, 'learning_rate': 0.05, 'max_depth': 4, 'min_child_weight': 5, 'n_estimators': 450, 'reg_alpha': 0.3, 'reg_lambda': 1.0, 'subsample': 0.8}",-17.951197393560633,-13.499103823566049,-19.95546809865435,-17.135256438593675,2.6982067680410027,112
1.4422544638315837,0.0266979227730492,0.04150851567586263,0.01758150181982083,0.8,0.05,4,5,450,0.5,1.0,0.8,"{'colsample_bytree': 0.8, 'learning_rate': 0.05, 'max_depth': 4, 'min_child_weight': 5, 'n_estimators': 450, 'reg_alpha': 0.5, 'reg_lambda': 1.0, 'subsample': 0.8}",-17.945230271134676,-12.93614971209578,-19.917959891211478,-16.933113291480645,2.9387870433994694,45
1.4296934604644775,0.09432500239473816,0.05509050687154134,0.017594349641617258,0.8,0.05,4,5,450,0.7,1.0,0.8,"{'colsample_bytree': 0.8, 'learning_rate': 0.05, 'max_depth': 4, 'min_child_weight': 5, 'n_estimators': 450, 'reg_alpha': 0.7, 'reg_lambda': 1.0, 'subsample': 0.8}",-17.921581934884365,-13.257014874222744,-19.93743263417161,-17.038676481092907,2.7978130616740744,86
1.0314788818359375,0.03333974061644161,0.019478638966878254,0.0021564960377228495,0.8,0.05,6,1,200,0.3,1.0,0.8,"{'colsample_bytree': 0.8, 'learning_rate': 0.05, 'max_depth': 6, 'min_child_weight': 1, 'n_estimators': 200, 'reg_alpha': 0.3, 'reg_lambda': 1.0, 'subsample': 0.8}",-18.16874345656108,-12.854964806399591,-20.131806991504497,-17.051838418155057,3.073945965187976,93
1.1554049650828044,0.047534072945062754,0.045826117197672524,0.008585730831582915,0.8,0.05,6,1,200,0.5,1.0,0.8,"{'colsample_bytree': 0.8, 'learning_rate': 0.05, 'max_depth': 6, 'min_child_weight': 1, 'n_estimators': 200, 'reg_alpha': 0.5, 'reg_lambda': 1.0, 'subsample': 0.8}",-18.185327046713027,-12.913817442374647,-20.089824181293526,-17.062989556793735,3.0351825052442396,95
1.4540867805480957,0.07301387199111135,0.059171199798583984,0.02546873972876098,0.8,0.05,6,1,200,0.7,1.0,0.8,"{'colsample_bytree': 0.8, 'learning_rate': 0.05, 'max_depth': 6, 'min_child_weight': 1, 'n_estimators': 200, 'reg_alpha': 0.7, 'reg_lambda': 1.0, 'subsample': 0.8}",-18.216782025232778,-12.838186328294793,-20.086397367066315,-17.04712190686463,3.0724821030146603,91
2.1764348347981772,0.015312234518936924,0.06105852127075195,0.0053907297284501365,0.8,0.05,6,1,300,0.3,1.0,0.8,"{'colsample_bytree': 0.8, 'learning_rate': 0.05, 'max_depth': 6, 'min_child_weight': 1, 'n_estimators': 300, 'reg_alpha': 0.3, 'reg_lambda': 1.0, 'subsample': 0.8}",-18.285576523288114,-12.928714078344909,-20.22761742281959,-17.14730267481754,3.0865566600533936,117
2.877049446105957,0.6180984286725294,0.09096924463907878,0.052875064192068014,0.8,0.05,6,1,300,0.5,1.0,0.8,"{'colsample_bytree': 0.8, 'learning_rate': 0.05, 'max_depth': 6, 'min_child_weight': 1, 'n_estimators': 300, 'reg_alpha': 0.5, 'reg_lambda': 1.0, 'subsample': 0.8}",-18.26830917378132,-12.932010517405278,-20.16496364784197,-17.121761113009523,3.062116053594111,110
2.3845183849334717,1.0085077373322269,0.0361027717590332,0.010206214204080945,0.8,0.05,6,1,300,0.7,1.0,0.8,"{'colsample_bytree': 0.8, 'learning_rate': 0.05, 'max_depth': 6, 'min_child_weight': 1, 'n_estimators': 300, 'reg_alpha': 0.7, 'reg_lambda': 1.0, 'subsample': 0.8}",-18.347135867114957,-13.00296857738527,-20.212407591201075,-17.187504011900433,3.0553300152578786,130
2.58577291170756,0.01970807105794846,0.046270132064819336,0.012756659116720956,0.8,0.05,6,1,450,0.3,1.0,0.8,"{'colsample_bytree': 0.8, 'learning_rate': 0.05, 'max_depth': 6, 'min_child_weight': 1, 'n_estimators': 450, 'reg_alpha': 0.3, 'reg_lambda': 1.0, 'subsample': 0.8}",-18.3572442432051,-13.122484479641075,-20.343203824116557,-17.27431084898758,3.0456806043044216,153
2.594923416773478,0.11864029835288338,0.05226834615071615,0.0037576309098944724,0.8,0.05,6,1,450,0.5,1.0,0.8,"{'colsample_bytree': 0.8, 'learning_rate': 0.05, 'max_depth': 6, 'min_child_weight': 1, 'n_estimators': 450, 'reg_alpha': 0.5, 'reg_lambda': 1.0, 'subsample': 0.8}",-18.387724608818335,-13.096466088866304,-20.268281700786645,-17.250824132823762,3.036241296085628,150
3.4419599374135337,0.7821363147975902,0.06300497055053711,0.016591138307486347,0.8,0.05,6,1,450,0.7,1.0,0.8,"{'colsample_bytree': 0.8, 'learning_rate': 0.05, 'max_depth': 6, 'min_child_weight': 1, 'n_estimators': 450, 'reg_alpha': 0.7, 'reg_lambda': 1.0, 'subsample': 0.8}",-18.487348544074194,-13.290593400306264,-20.24258307738155,-17.340175007254004,2.951784258176258,171
1.3653535048166912,0.3276677341931361,0.04539060592651367,0.012338362334331736,0.8,0.05,6,3,200,0.3,1.0,0.8,"{'colsample_bytree': 0.8, 'learning_rate': 0.05, 'max_depth': 6, 'min_child_weight': 3, 'n_estimators': 200, 'reg_alpha': 0.3, 'reg_lambda': 1.0, 'subsample': 0.8}",-18.02566363101895,-13.017812835137947,-19.97128694763094,-17.004921137929276,2.9290654921751345,74
1.4451407591501872,0.08383167044960482,0.05712207158406576,0.03178117983656958,0.8,0.05,6,3,200,0.5,1.0,0.8,"{'colsample_bytree': 0.8, 'learning_rate': 0.05, 'max_depth': 6, 'min_child_weight': 3, 'n_estimators': 200, 'reg_alpha': 0.5, 'reg_lambda': 1.0, 'subsample': 0.8}",-17.968352484050648,-12.97422328410604,-19.98918546391254,-16.977253744023077,2.948347687591823,64
1.316685676574707,0.09764169865161722,0.03460431098937988,0.0023671384113551027,0.8,0.05,6,3,200,0.7,1.0,0.8,"{'colsample_bytree': 0.8, 'learning_rate': 0.05, 'max_depth': 6, 'min_child_weight': 3, 'n_estimators': 200, 'reg_alpha': 0.7, 'reg_lambda': 1.0, 'subsample': 0.8}",-17.99019234303146,-12.95412284157978,-19.947766581625597,-16.96402725541228,2.9459038546154073,59
1.7786885102589924,0.12021740300307111,0.03513145446777344,0.0061133803801827775,0.8,0.05,6,3,300,0.3,1.0,0.8,"{'colsample_bytree': 0.8, 'learning_rate': 0.05, 'max_depth': 6, 'min_child_weight': 3, 'n_estimators': 300, 'reg_alpha': 0.3, 'reg_lambda': 1.0, 'subsample': 0.8}",-18.11366220248046,-13.109826629729808,-20.076721708731526,-17.10007018031393,2.9331363590309847,104
1.7406472365061443,0.18520910572149257,0.037555853525797524,0.008626231666419657,0.8,0.05,6,3,300,0.5,1.0,0.8,"{'colsample_bytree': 0.8, 'learning_rate': 0.05, 'max_depth': 6, 'min_child_weight': 3, 'n_estimators': 300, 'reg_alpha': 0.5, 'reg_lambda': 1.0, 'subsample': 0.8}",-18.08050174891908,-13.218158170557077,-20.0601649973234,-17.119608305599854,2.8746885641682596,109
1.5295945008595784,0.16668917613636566,0.051348606745402016,0.02092241337351391,0.8,0.05,6,3,300,0.7,1.0,0.8,"{'colsample_bytree': 0.8, 'learning_rate': 0.05, 'max_depth': 6, 'min_child_weight': 3, 'n_estimators': 300, 'reg_alpha': 0.7, 'reg_lambda': 1.0, 'subsample': 0.8}",-18.056608714961573,-13.348293203232478,-20.02912223387947,-17.14467471735784,2.8026281530226886,116
2.712933301925659,0.8477392694095868,0.0391538937886556,0.008382534645147302,0.8,0.05,6,3,450,0.3,1.0,0.8,"{'colsample_bytree': 0.8, 'learning_rate': 0.05, 'max_depth': 6, 'min_child_weight': 3, 'n_estimators': 450, 'reg_alpha': 0.3, 'reg_lambda': 1.0, 'subsample': 0.8}",-18.249929918812942,-13.470711311404616,-20.245476683925002,-17.322039304714185,2.84254547978565,165
2.07153050104777,0.10448893156447131,0.03330190976460775,0.005833335416453485,0.8,0.05,6,3,450,0.5,1.0,0.8,"{'colsample_bytree': 0.8, 'learning_rate': 0.05, 'max_depth': 6, 'min_child_weight': 3, 'n_estimators': 450, 'reg_alpha': 0.5, 'reg_lambda': 1.0, 'subsample': 0.8}",-18.21498210947475,-13.65363646109933,-20.205900455462128,-17.358173008678737,2.742703318426419,181
2.092987060546875,0.08174915214403965,0.0357354482014974,0.002686666524070288,0.8,0.05,6,3,450,0.7,1.0,0.8,"{'colsample_bytree': 0.8, 'learning_rate': 0.05, 'max_depth': 6, 'min_child_weight': 3, 'n_estimators': 450, 'reg_alpha': 0.7, 'reg_lambda': 1.0, 'subsample': 0.8}",-18.235467787633823,-13.733230825010386,-20.067476269719464,-17.345391627454557,2.6614335756810994,176
1.0236159960428874,0.027221347743688253,0.02951987584431966,0.00459700339754319,0.8,0.05,6,5,200,0.3,1.0,0.8,"{'colsample_bytree': 0.8, 'learning_rate': 0.05, 'max_depth': 6, 'min_child_weight': 5, 'n_estimators': 200, 'reg_alpha': 0.3, 'reg_lambda': 1.0, 'subsample': 0.8}",-17.903623374322706,-13.41959822933178,-19.944074451979088,-17.089098685211194,2.725164869245122,102
1.0746848583221436,0.07444964701968301,0.019923051198323567,0.0005776856861399295,0.8,0.05,6,5,200,0.5,1.0,0.8,"{'colsample_bytree': 0.8, 'learning_rate': 0.05, 'max_depth': 6, 'min_child_weight': 5, 'n_estimators': 200, 'reg_alpha': 0.5, 'reg_lambda': 1.0, 'subsample': 0.8}",-17.941007435548862,-13.159934162592672,-19.93083675304653,-17.010592783729354,2.841423826252607,78
1.0545169512430828,0.04145275461198175,0.06407999992370605,0.052217395342846924,0.8,0.05,6,5,200,0.7,1.0,0.8,"{'colsample_bytree': 0.8, 'learning_rate': 0.05, 'max_depth': 6, 'min_child_weight': 5, 'n_estimators': 200, 'reg_alpha': 0.7, 'reg_lambda': 1.0, 'subsample': 0.8}",-17.914022080682905,-12.999814611893543,-19.918501089916482,-16.94411259416431,2.9066130294351695,48
2.351209799448649,0.7228188305241359,0.029351313908894856,0.0024393327136487462,0.8,0.05,6,5,300,0.3,1.0,0.8,"{'colsample_bytree': 0.8, 'learning_rate': 0.05, 'max_depth': 6, 'min_child_weight': 5, 'n_estimators': 300, 'reg_alpha': 0.3, 'reg_lambda': 1.0, 'subsample': 0.8}",-17.969436189082664,-13.7127217588505,-20.026825604398034,-17.236327850777066,2.6293297903787107,147
1.6966705322265625,0.14580792949772753,0.03976917266845703,0.013716027197787754,0.8,0.05,6,5,300,0.5,1.0,0.8,"{'colsample_bytree': 0.8, 'learning_rate': 0.05, 'max_depth': 6, 'min_child_weight': 5, 'n_estimators': 300, 'reg_alpha': 0.5, 'reg_lambda': 1.0, 'subsample': 0.8}",-18.000265107172964,-13.091447773969659,-20.029475687089985,-17.04039618941087,2.912624141591625,87
1.4259345531463623,0.060740547403344364,0.023340225219726562,0.0022238171120653235,0.8,0.05,6,5,300,0.7,1.0,0.8,"{'colsample_bytree': 0.8, 'learning_rate': 0.05, 'max_depth': 6, 'min_child_weight': 5, 'n_estimators': 300, 'reg_alpha': 0.7, 'reg_lambda': 1.0, 'subsample': 0.8}",-17.977796846245557,-13.001995139009297,-19.96974459812704,-16.9831788611273,2.9302254558878147,67
2.101309617360433,0.088804585554191,0.03623421986897787,0.0039279508992655955,0.8,0.05,6,5,450,0.3,1.0,0.8,"{'colsample_bytree': 0.8, 'learning_rate': 0.05, 'max_depth': 6, 'min_child_weight': 5, 'n_estimators': 450, 'reg_alpha': 0.3, 'reg_lambda': 1.0, 'subsample': 0.8}",-18.11131718988253,-13.857723746412217,-20.20432015034392,-17.391120362212888,2.640559799428746,186
2.1501518090566,0.08719124275692551,0.03180344899495443,0.00270966359640908,0.8,0.05,6,5,450,0.5,1.0,0.8,"{'colsample_bytree': 0.8, 'learning_rate': 0.05, 'max_depth': 6, 'min_child_weight': 5, 'n_estimators': 450, 'reg_alpha': 0.5, 'reg_lambda': 1.0, 'subsample': 0.8}",-18.13046814861023,-13.315518135382678,-20.169769616956305,-17.20525196698307,2.8736979173441455,136
2.264806350072225,0.1814363760456969,0.035637458165486656,0.005994835434611602,0.8,0.05,6,5,450,0.7,1.0,0.8,"{'colsample_bytree': 0.8, 'learning_rate': 0.05, 'max_depth': 6, 'min_child_weight': 5, 'n_estimators': 450, 'reg_alpha': 0.7, 'reg_lambda': 1.0, 'subsample': 0.8}",-18.084608560461366,-13.404998131153995,-20.096315705939045,-17.195307465851467,2.803161911046475,133
1.1806534131368,0.6179219783213714,0.04037634531656901,0.0033683092448888665,0.8,0.08,3,1,200,0.3,1.0,0.8,"{'colsample_bytree': 0.8, 'learning_rate': 0.08, 'max_depth': 3, 'min_child_weight': 1, 'n_estimators': 200, 'reg_alpha': 0.3, 'reg_lambda': 1.0, 'subsample': 0.8}",-17.84641446206294,-15.26375044362711,-19.909098653669368,-17.673087853119807,1.9004116366656807,221
0.7140558560689291,0.017040797700988205,0.040942986806233726,0.017010830733936978,0.8,0.08,3,1,200,0.5,1.0,0.8,"{'colsample_bytree': 0.8, 'learning_rate': 0.08, 'max_depth': 3, 'min_child_weight': 1, 'n_estimators': 200, 'reg_alpha': 0.5, 'reg_lambda': 1.0, 'subsample': 0.8}",-17.8511799767314,-15.241775409390861,-19.901948748173485,-17.66496804476525,1.9070588261473953,219
0.6232342720031738,0.026203814799074448,0.022023995717366535,0.0003485167708279577,0.8,0.08,3,1,200,0.7,1.0,0.8,"{'colsample_bytree': 0.8, 'learning_rate': 0.08, 'max_depth': 3, 'min_child_weight': 1, 'n_estimators': 200, 'reg_alpha': 0.7, 'reg_lambda': 1.0, 'subsample': 0.8}",-17.830023668841076,-15.240043756757613,-19.90189622549832,-17.657321217032337,1.9071071832702566,215
0.9071575800577799,0.0267567022954889,0.029409170150756836,0.0033855805596521055,0.8,0.08,3,1,300,0.3,1.0,0.8,"{'colsample_bytree': 0.8, 'learning_rate': 0.08, 'max_depth': 3, 'min_child_weight': 1, 'n_estimators': 300, 'reg_alpha': 0.3, 'reg_lambda': 1.0, 'subsample': 0.8}",-17.938276818657492,-16.34001862286753,-19.981869223599585,-18.086721555041535,1.4904799739979075,240
0.9188274542490641,0.02098129331595016,0.0265048344930013,0.00225678308246303,0.8,0.08,3,1,300,0.5,1.0,0.8,"{'colsample_bytree': 0.8, 'learning_rate': 0.08, 'max_depth': 3, 'min_child_weight': 1, 'n_estimators': 300, 'reg_alpha': 0.5, 'reg_lambda': 1.0, 'subsample': 0.8}",-17.92864745124638,-16.29863554557017,-19.97766020968362,-18.068314402166724,1.5051989376099775,239
0.9456250667572021,0.12040635653708434,0.03412445386250814,0.008707806667312527,0.8,0.08,3,1,300,0.7,1.0,0.8,"{'colsample_bytree': 0.8, 'learning_rate': 0.08, 'max_depth': 3, 'min_child_weight': 1, 'n_estimators': 300, 'reg_alpha': 0.7, 'reg_lambda': 1.0, 'subsample': 0.8}",-17.938519939740498,-16.263206144140177,-19.977301537664825,-18.0596758738485,1.5186913705177096,238
1.4598190784454346,0.05524199370276904,0.04555988311767578,0.005470293866261633,0.8,0.08,3,1,450,0.3,1.0,0.8,"{'colsample_bytree': 0.8, 'learning_rate': 0.08, 'max_depth': 3, 'min_child_weight': 1, 'n_estimators': 450, 'reg_alpha': 0.3, 'reg_lambda': 1.0, 'subsample': 0.8}",-18.07515341940135,-16.51213250229095,-20.026304692180084,-18.204530204624128,1.4375686208464353,243
1.5451954205830891,0.18365365418167753,0.04552125930786133,0.012446886461717233,0.8,0.08,3,1,450,0.5,1.0,0.8,"{'colsample_bytree': 0.8, 'learning_rate': 0.08, 'max_depth': 3, 'min_child_weight': 1, 'n_estimators': 450, 'reg_alpha': 0.5, 'reg_lambda': 1.0, 'subsample': 0.8}",-18.054813953685137,-16.437839596682633,-20.028855954482886,-18.173836501616886,1.4684400783789517,241
1.2320590019226074,0.028012042605692733,0.06292414665222168,0.012370787330417146,0.8,0.08,3,1,450,0.7,1.0,0.8,"{'colsample_bytree': 0.8, 'learning_rate': 0.08, 'max_depth': 3, 'min_child_weight': 1, 'n_estimators': 450, 'reg_alpha': 0.7, 'reg_lambda': 1.0, 'subsample': 0.8}",-18.081876603665197,-16.46993555804022,-20.02444083480622,-18.192084332170545,1.4532116726309048,242
0.6153817176818848,0.014883951187395036,0.02020724614461263,0.0017218825309227397,0.8,0.08,3,3,200,0.3,1.0,0.8,"{'colsample_bytree': 0.8, 'learning_rate': 0.08, 'max_depth': 3, 'min_child_weight': 3, 'n_estimators': 200, 'reg_alpha': 0.3, 'reg_lambda': 1.0, 'subsample': 0.8}",-17.764176715766144,-14.073631787129319,-19.816275151509952,-17.218027884801803,2.376018674420022,139
0.5681780974070231,0.015095794846493992,0.02887876828511556,0.00700903236030151,0.8,0.08,3,3,200,0.5,1.0,0.8,"{'colsample_bytree': 0.8, 'learning_rate': 0.08, 'max_depth': 3, 'min_child_weight': 3, 'n_estimators': 200, 'reg_alpha': 0.5, 'reg_lambda': 1.0, 'subsample': 0.8}",-17.77707335218466,-14.362961147971422,-19.829249229709642,-17.32309457662191,2.2545729669029595,166
1.0754367510477703,0.6758116354808751,0.022834936777750652,0.0011789910405188044,0.8,0.08,3,3,200,0.7,1.0,0.8,"{'colsample_bytree': 0.8, 'learning_rate': 0.08, 'max_depth': 3, 'min_child_weight': 3, 'n_estimators': 200, 'reg_alpha': 0.7, 'reg_lambda': 1.0, 'subsample': 0.8}",-17.76690710867619,-14.54335584050495,-19.828264214785868,-17.379509054655667,2.1748750263452394,183
0.7249395052591959,0.010306554709190464,0.027177095413208008,0.0028472860885750636,0.8,0.08,3,3,300,0.3,1.0,0.8,"{'colsample_bytree': 0.8, 'learning_rate': 0.08, 'max_depth': 3, 'min_child_weight': 3, 'n_estimators': 300, 'reg_alpha': 0.3, 'reg_lambda': 1.0, 'subsample': 0.8}",-17.879631854340577,-14.71957668152781,-19.84573089407188,-17.481646476646755,2.1115805333666375,195
0.728171189626058,0.007858091871124805,0.023899555206298828,0.00016341722602974848,0.8,0.08,3,3,300,0.5,1.0,0.8,"{'colsample_bytree': 0.8, 'learning_rate': 0.08, 'max_depth': 3, 'min_child_weight': 3, 'n_estimators': 300, 'reg_alpha': 0.5, 'reg_lambda': 1.0, 'subsample': 0.8}",-17.855718378070744,-15.27823402689167,-19.853050669596414,-17.662334358186275,1.8726602936201184,217
0.9507071177164713,0.11931119830396317,0.030866702397664387,0.0060916815100644775,0.8,0.08,3,3,300,0.7,1.0,0.8,"{'colsample_bytree': 0.8, 'learning_rate': 0.08, 'max_depth': 3, 'min_child_weight': 3, 'n_estimators': 300, 'reg_alpha': 0.7, 'reg_lambda': 1.0, 'subsample': 0.8}",-17.84378429893218,-15.046249131506855,-19.862881291835002,-17.584304907424677,1.9749233753810427,208
1.6455469131469727,0.11409785787602941,0.05585145950317383,0.020209659268584538,0.8,0.08,3,3,450,0.3,1.0,0.8,"{'colsample_bytree': 0.8, 'learning_rate': 0.08, 'max_depth': 3, 'min_child_weight': 3, 'n_estimators': 450, 'reg_alpha': 0.3, 'reg_lambda': 1.0, 'subsample': 0.8}",-18.002332187701093,-15.962838222750566,-19.932953863659122,-17.966041424703594,1.6209960549316367,235
1.3702638149261475,0.09297753309792015,0.04683772722880045,0.0030880092257114366,0.8,0.08,3,3,450,0.5,1.0,0.8,"{'colsample_bytree': 0.8, 'learning_rate': 0.08, 'max_depth': 3, 'min_child_weight': 3, 'n_estimators': 450, 'reg_alpha': 0.5, 'reg_lambda': 1.0, 'subsample': 0.8}",-17.972997905966654,-15.701154355436003,-19.89183306524004,-17.85532844221423,1.7128595173424745,233
1.3837841351826985,0.13747049161327957,0.05715179443359375,0.03405923554901148,0.8,0.08,3,3,450,0.7,1.0,0.8,"{'colsample_bytree': 0.8, 'learning_rate': 0.08, 'max_depth': 3, 'min_child_weight': 3, 'n_estimators': 450, 'reg_alpha': 0.7, 'reg_lambda': 1.0, 'subsample': 0.8}",-17.986309007022367,-15.45209910277879,-19.870104866005562,-17.769504325268908,1.8101467589671483,230
0.6099513371785482,0.06330239638130372,0.023066600163777668,0.005523592268381109,0.8,0.08,3,5,200,0.3,1.0,0.8,"{'colsample_bytree': 0.8, 'learning_rate': 0.08, 'max_depth': 3, 'min_child_weight': 5, 'n_estimators': 200, 'reg_alpha': 0.3, 'reg_lambda': 1.0, 'subsample': 0.8}",-17.782386702462766,-13.622707508716148,-19.858886912730032,-17.08799370796965,2.592825950305005,101
0.5992392698923746,0.09590814598705155,0.06534790992736816,0.032288610603012476,0.8,0.08,3,5,200,0.5,1.0,0.8,"{'colsample_bytree': 0.8, 'learning_rate': 0.08, 'max_depth': 3, 'min_child_weight': 5, 'n_estimators': 200, 'reg_alpha': 0.5, 'reg_lambda': 1.0, 'subsample': 0.8}",-17.751484972630337,-14.098558637852094,-19.863507367095288,-17.237850325859238,2.3813894929184283,148
0.995988130569458,0.027139771865371393,0.08079361915588379,0.02818140678674266,0.8,0.08,3,5,200,0.7,1.0,0.8,"{'colsample_bytree': 0.8, 'learning_rate': 0.08, 'max_depth': 3, 'min_child_weight': 5, 'n_estimators': 200, 'reg_alpha': 0.7, 'reg_lambda': 1.0, 'subsample': 0.8}",-17.76410803866951,-14.590054229839922,-19.86348864436225,-17.40588363762389,2.1677209494759664,188
1.1071726481119792,0.2709810366486773,0.0429386297861735,0.0187139480139509,0.8,0.08,3,5,300,0.3,1.0,0.8,"{'colsample_bytree': 0.8, 'learning_rate': 0.08, 'max_depth': 3, 'min_child_weight': 5, 'n_estimators': 300, 'reg_alpha': 0.3, 'reg_lambda': 1.0, 'subsample': 0.8}",-17.87341300948048,-14.003192146150427,-19.894853848600278,-17.257153001410394,2.4444156359872564,152
0.7307367324829102,0.010113780889479104,0.022264719009399414,0.0005663790792967744,0.8,0.08,3,5,300,0.5,1.0,0.8,"{'colsample_bytree': 0.8, 'learning_rate': 0.08, 'max_depth': 3, 'min_child_weight': 5, 'n_estimators': 300, 'reg_alpha': 0.5, 'reg_lambda': 1.0, 'subsample': 0.8}",-17.838407049233446,-14.219587243294853,-19.894527603720164,-17.317507298749486,2.3458814173122966,163
0.7323159376780192,0.005470553726665086,0.02578282356262207,0.004116934764057014,0.8,0.08,3,5,300,0.7,1.0,0.8,"{'colsample_bytree': 0.8, 'learning_rate': 0.08, 'max_depth': 3, 'min_child_weight': 5, 'n_estimators': 300, 'reg_alpha': 0.7, 'reg_lambda': 1.0, 'subsample': 0.8}",-17.858323939891697,-15.06249420632398,-19.892579268637206,-17.604465804950962,1.9800275068463122,211
1.2103992303212483,0.0588213916150436,0.030049562454223633,0.004120931463654734,0.8,0.08,3,5,450,0.3,1.0,0.8,"{'colsample_bytree': 0.8, 'learning_rate': 0.08, 'max_depth': 3, 'min_child_weight': 5, 'n_estimators': 450, 'reg_alpha': 0.3, 'reg_lambda': 1.0, 'subsample': 0.8}",-17.975872946666716,-13.609280973459901,-19.909001239330834,-17.164718386485816,2.635032909020674,126
1.1395163536071777,0.026286488985241913,0.031139214833577473,0.003986666755947164,0.8,0.08,3,5,450,0.5,1.0,0.8,"{'colsample_bytree': 0.8, 'learning_rate': 0.08, 'max_depth': 3, 'min_child_weight': 5, 'n_estimators': 450, 'reg_alpha': 0.5, 'reg_lambda': 1.0, 'subsample': 0.8}",-18.003837919030605,-14.384654842642771,-19.891142942480705,-17.426545234718027,2.284776127754433,191
1.4444815317789714,0.1690583564500595,0.038152217864990234,0.006939128267931743,0.8,0.08,3,5,450,0.7,1.0,0.8,"{'colsample_bytree': 0.8, 'learning_rate': 0.08, 'max_depth': 3, 'min_child_weight': 5, 'n_estimators': 450, 'reg_alpha': 0.7, 'reg_lambda': 1.0, 'subsample': 0.8}",-18.001997009229683,-15.384689320824949,-19.91715967613279,-17.76794866872914,1.857759555612511,229
0.7963509559631348,0.025493821724216596,0.024066368738810223,0.0013581182868780347,0.8,0.08,4,1,200,0.3,1.0,0.8,"{'colsample_bytree': 0.8, 'learning_rate': 0.08, 'max_depth': 4, 'min_child_weight': 1, 'n_estimators': 200, 'reg_alpha': 0.3, 'reg_lambda': 1.0, 'subsample': 0.8}",-17.949939789722688,-13.899224458540452,-19.9900066242108,-17.27972362415798,2.5313104812659373,155
0.8367946942647299,0.020029758828213964,0.03372375170389811,0.004789120695989226,0.8,0.08,4,1,200,0.5,1.0,0.8,"{'colsample_bytree': 0.8, 'learning_rate': 0.08, 'max_depth': 4, 'min_child_weight': 1, 'n_estimators': 200, 'reg_alpha': 0.5, 'reg_lambda': 1.0, 'subsample': 0.8}",-17.936306893264945,-13.737425405144071,-20.01004873551073,-17.22792701130658,2.6093169481734146,142
0.8209850788116455,0.012907706631360073,0.026848395665486652,0.002677154202517993,0.8,0.08,4,1,200,0.7,1.0,0.8,"{'colsample_bytree': 0.8, 'learning_rate': 0.08, 'max_depth': 4, 'min_child_weight': 1, 'n_estimators': 200, 'reg_alpha': 0.7, 'reg_lambda': 1.0, 'subsample': 0.8}",-18.063316644458958,-13.832073382442443,-19.998978792962802,-17.298122939954734,2.575114449189394,159
1.2508180141448975,0.036312378991230174,0.10409005482991536,0.097893152423654,0.8,0.08,4,1,300,0.3,1.0,0.8,"{'colsample_bytree': 0.8, 'learning_rate': 0.08, 'max_depth': 4, 'min_child_weight': 1, 'n_estimators': 300, 'reg_alpha': 0.3, 'reg_lambda': 1.0, 'subsample': 0.8}",-18.111985662605292,-14.263052197713872,-20.110040775925395,-17.495026212081523,2.4265610894332124,196
1.3265321254730225,0.10538637827587855,0.04058122634887695,0.003396457260616258,0.8,0.08,4,1,300,0.5,1.0,0.8,"{'colsample_bytree': 0.8, 'learning_rate': 0.08, 'max_depth': 4, 'min_child_weight': 1, 'n_estimators': 300, 'reg_alpha': 0.5, 'reg_lambda': 1.0, 'subsample': 0.8}",-18.050640391513596,-14.111714694797401,-20.085653928725613,-17.416003005012204,2.479793130071631,190
1.363428274790446,0.06583989673842167,0.046588897705078125,0.007680825911636659,0.8,0.08,4,1,300,0.7,1.0,0.8,"{'colsample_bytree': 0.8, 'learning_rate': 0.08, 'max_depth': 4, 'min_child_weight': 1, 'n_estimators': 300, 'reg_alpha': 0.7, 'reg_lambda': 1.0, 'subsample': 0.8}",-18.205192773340492,-14.02191841168872,-20.070582102247386,-17.4325644290922,2.529070847712336,192
1.9086594581604004,0.15629827701615456,0.043749332427978516,0.009012253971901968,0.8,0.08,4,1,450,0.3,1.0,0.8,"{'colsample_bytree': 0.8, 'learning_rate': 0.08, 'max_depth': 4, 'min_child_weight': 1, 'n_estimators': 450, 'reg_alpha': 0.3, 'reg_lambda': 1.0, 'subsample': 0.8}",-18.308145143193542,-14.52910332967032,-20.158531080773564,-17.665259851212475,2.3427320696439042,220
1.669711669286092,0.07584096903630672,0.032372077306111656,0.0027499666509145184,0.8,0.08,4,1,450,0.5,1.0,0.8,"{'colsample_bytree': 0.8, 'learning_rate': 0.08, 'max_depth': 4, 'min_child_weight': 1, 'n_estimators': 450, 'reg_alpha': 0.5, 'reg_lambda': 1.0, 'subsample': 0.8}",-18.17133319014593,-14.38901424048628,-20.115433208019198,-17.558593546217136,2.3776116800074374,204
1.5746062596638997,0.12706360780137582,0.03847257296244303,0.009367023536563334,0.8,0.08,4,1,450,0.7,1.0,0.8,"{'colsample_bytree': 0.8, 'learning_rate': 0.08, 'max_depth': 4, 'min_child_weight': 1, 'n_estimators': 450, 'reg_alpha': 0.7, 'reg_lambda': 1.0, 'subsample': 0.8}",-18.409362214131818,-14.582504607278377,-20.08990700356349,-17.69392460832456,2.3045980870865046,222
0.8203900655110677,0.04814816927576613,0.02917655309041341,0.00569351081600646,0.8,0.08,4,3,200,0.3,1.0,0.8,"{'colsample_bytree': 0.8, 'learning_rate': 0.08, 'max_depth': 4, 'min_child_weight': 3, 'n_estimators': 200, 'reg_alpha': 0.3, 'reg_lambda': 1.0, 'subsample': 0.8}",-17.9171671219309,-13.95016440878725,-20.009733546996166,-17.292355025904772,2.5129514057762052,158
0.8604210217793783,0.09752998539471355,0.02504698435465495,0.006695212212132447,0.8,0.08,4,3,200,0.5,1.0,0.8,"{'colsample_bytree': 0.8, 'learning_rate': 0.08, 'max_depth': 4, 'min_child_weight': 3, 'n_estimators': 200, 'reg_alpha': 0.5, 'reg_lambda': 1.0, 'subsample': 0.8}",-17.90932197946081,-13.831675294569227,-19.95307783399865,-17.231358369342896,2.544617620903166,144
1.0749409198760986,0.09515152326857344,0.0727230707804362,0.03227804922927105,0.8,0.08,4,3,200,0.7,1.0,0.8,"{'colsample_bytree': 0.8, 'learning_rate': 0.08, 'max_depth': 4, 'min_child_weight': 3, 'n_estimators': 200, 'reg_alpha': 0.7, 'reg_lambda': 1.0, 'subsample': 0.8}",-17.88078625555551,-13.2994261397082,-19.942830459515335,-17.041014284926348,2.7764027038716623,88
1.438185691833496,0.08560168527465385,0.07078361511230469,0.02144436140471346,0.8,0.08,4,3,300,0.3,1.0,0.8,"{'colsample_bytree': 0.8, 'learning_rate': 0.08, 'max_depth': 4, 'min_child_weight': 3, 'n_estimators': 300, 'reg_alpha': 0.3, 'reg_lambda': 1.0, 'subsample': 0.8}",-18.008203481500278,-14.414832779073398,-20.0687602341144,-17.497265498229357,2.3363100727112855,197
1.3281774520874023,0.27189823382083006,0.04835859934488932,0.02205972256195635,0.8,0.08,4,3,300,0.5,1.0,0.8,"{'colsample_bytree': 0.8, 'learning_rate': 0.08, 'max_depth': 4, 'min_child_weight': 3, 'n_estimators': 300, 'reg_alpha': 0.5, 'reg_lambda': 1.0, 'subsample': 0.8}",-18.00517318581162,-14.205445143114373,-19.988963825788126,-17.399860718238042,2.3995936427874756,187
1.2896781762440999,0.17403938252462428,0.035927375157674156,0.013522165296597645,0.8,0.08,4,3,300,0.7,1.0,0.8,"{'colsample_bytree': 0.8, 'learning_rate': 0.08, 'max_depth': 4, 'min_child_weight': 3, 'n_estimators': 300, 'reg_alpha': 0.7, 'reg_lambda': 1.0, 'subsample': 0.8}",-17.954724147486683,-13.56430264942191,-19.97180430392121,-17.163610366943267,2.674997211640552,125
2.1273556550343833,0.36383625359110494,0.061481873194376625,0.020220609250120737,0.8,0.08,4,3,450,0.3,1.0,0.8,"{'colsample_bytree': 0.8, 'learning_rate': 0.08, 'max_depth': 4, 'min_child_weight': 3, 'n_estimators': 450, 'reg_alpha': 0.3, 'reg_lambda': 1.0, 'subsample': 0.8}",-18.122561879843122,-14.558628704809898,-20.07532132195171,-17.58550396886824,2.283972819133693,209
1.46554700533549,0.059376777566098195,0.06529911359151204,0.029029574062379347,0.8,0.08,4,3,450,0.5,1.0,0.8,"{'colsample_bytree': 0.8, 'learning_rate': 0.08, 'max_depth': 4, 'min_child_weight': 3, 'n_estimators': 450, 'reg_alpha': 0.5, 'reg_lambda': 1.0, 'subsample': 0.8}",-18.15494767156345,-14.582870466619346,-20.000363649579146,-17.579393929253982,2.2488151961375578,207
1.5009252230326335,0.13584835046017854,0.040285189946492515,0.007161134256612361,0.8,0.08,4,3,450,0.7,1.0,0.8,"{'colsample_bytree': 0.8, 'learning_rate': 0.08, 'max_depth': 4, 'min_child_weight': 3, 'n_estimators': 450, 'reg_alpha': 0.7, 'reg_lambda': 1.0, 'subsample': 0.8}",-18.092016634228248,-13.791923044867564,-19.96392300810456,-17.28262089573346,2.583890733328265,157
0.6101333300272623,0.00424072171854574,0.0316308339436849,0.0030771541445690346,0.8,0.08,4,5,200,0.3,1.0,0.8,"{'colsample_bytree': 0.8, 'learning_rate': 0.08, 'max_depth': 4, 'min_child_weight': 5, 'n_estimators': 200, 'reg_alpha': 0.3, 'reg_lambda': 1.0, 'subsample': 0.8}",-17.836104587241312,-13.30090670464875,-19.907812188507727,-17.014941160132597,2.7590496006991434,79
0.5853742758433024,0.014529004803576412,0.019468307495117188,4.364948697724365e-05,0.8,0.08,4,5,200,0.5,1.0,0.8,"{'colsample_bytree': 0.8, 'learning_rate': 0.08, 'max_depth': 4, 'min_child_weight': 5, 'n_estimators': 200, 'reg_alpha': 0.5, 'reg_lambda': 1.0, 'subsample': 0.8}",-17.859280713342812,-13.89608422496209,-19.94593680907489,-17.233767249126597,2.5091339000819795,146
0.6213165124257406,0.008165868458216735,0.021226962407430012,0.002759939185902368,0.8,0.08,4,5,200,0.7,1.0,0.8,"{'colsample_bytree': 0.8, 'learning_rate': 0.08, 'max_depth': 4, 'min_child_weight': 5, 'n_estimators': 200, 'reg_alpha': 0.7, 'reg_lambda': 1.0, 'subsample': 0.8}",-17.874230054888347,-12.70507934441851,-19.91650439717111,-16.831937932159324,3.0349016979900347,22
0.8573474089304606,0.019216107869032953,0.02709348996480306,0.006541605323634551,0.8,0.08,4,5,300,0.3,1.0,0.8,"{'colsample_bytree': 0.8, 'learning_rate': 0.08, 'max_depth': 4, 'min_child_weight': 5, 'n_estimators': 300, 'reg_alpha': 0.3, 'reg_lambda': 1.0, 'subsample': 0.8}",-17.919215788502044,-13.564588519007097,-19.963947268950097,-17.149250525486412,2.6686554644996865,120
0.9584103425343832,0.06805450076177012,0.02675175666809082,0.005609524340542676,0.8,0.08,4,5,300,0.5,1.0,0.8,"{'colsample_bytree': 0.8, 'learning_rate': 0.08, 'max_depth': 4, 'min_child_weight': 5, 'n_estimators': 300, 'reg_alpha': 0.5, 'reg_lambda': 1.0, 'subsample': 0.8}",-17.966311670043517,-13.918760013006267,-20.00985652552951,-17.298309402859765,2.5311439380828293,160
0.8887104193369547,0.0213948246441716,0.024243593215942383,0.003105179958130402,0.8,0.08,4,5,300,0.7,1.0,0.8,"{'colsample_bytree': 0.8, 'learning_rate': 0.08, 'max_depth': 4, 'min_child_weight': 5, 'n_estimators': 300, 'reg_alpha': 0.7, 'reg_lambda': 1.0, 'subsample': 0.8}",-17.962297294881065,-13.113458346843338,-19.998245209542297,-17.024666950422233,2.887840661963599,81
1.379492203394572,0.021436066149616073,0.04593841234842936,0.02071050355970206,0.8,0.08,4,5,450,0.3,1.0,0.8,"{'colsample_bytree': 0.8, 'learning_rate': 0.08, 'max_depth': 4, 'min_child_weight': 5, 'n_estimators': 450, 'reg_alpha': 0.3, 'reg_lambda': 1.0, 'subsample': 0.8}",-18.043098531889044,-13.554381461740936,-19.96897000509374,-17.18881666624124,2.6875124402328243,132
1.890380620956421,0.7312374067666415,0.041853109995524086,0.00391679112697728,0.8,0.08,4,5,450,0.5,1.0,0.8,"{'colsample_bytree': 0.8, 'learning_rate': 0.08, 'max_depth': 4, 'min_child_weight': 5, 'n_estimators': 450, 'reg_alpha': 0.5, 'reg_lambda': 1.0, 'subsample': 0.8}",-18.07015448365612,-14.032019843569499,-19.988550344526505,-17.363574890584044,2.4825396865867297,182
1.396396001180013,0.022676933632610204,0.04736034075419108,0.010755922277281615,0.8,0.08,4,5,450,0.7,1.0,0.8,"{'colsample_bytree': 0.8, 'learning_rate': 0.08, 'max_depth': 4, 'min_child_weight': 5, 'n_estimators': 450, 'reg_alpha': 0.7, 'reg_lambda': 1.0, 'subsample': 0.8}",-18.04759164883936,-13.587310613685682,-20.041635317259253,-17.225512526594766,2.6983250863221118,141
1.061902364095052,0.025958971227236522,0.02454551060994466,0.0035560367377199358,0.8,0.08,6,1,200,0.3,1.0,0.8,"{'colsample_bytree': 0.8, 'learning_rate': 0.08, 'max_depth': 6, 'min_child_weight': 1, 'n_estimators': 200, 'reg_alpha': 0.3, 'reg_lambda': 1.0, 'subsample': 0.8}",-18.333741810300815,-13.268307811807142,-20.085935216887258,-17.229328279665072,2.890767809609682,143
1.2657060623168945,0.22602853899513892,0.03683797518412272,0.015101669542406718,0.8,0.08,6,1,200,0.5,1.0,0.8,"{'colsample_bytree': 0.8, 'learning_rate': 0.08, 'max_depth': 6, 'min_child_weight': 1, 'n_estimators': 200, 'reg_alpha': 0.5, 'reg_lambda': 1.0, 'subsample': 0.8}",-18.411728895843638,-13.11651927110712,-20.12699462199495,-17.218414262981902,2.9838108766143243,140
1.1194264888763428,0.0943853720039765,0.04660185178120931,0.022281687769669895,0.8,0.08,6,1,200,0.7,1.0,0.8,"{'colsample_bytree': 0.8, 'learning_rate': 0.08, 'max_depth': 6, 'min_child_weight': 1, 'n_estimators': 200, 'reg_alpha': 0.7, 'reg_lambda': 1.0, 'subsample': 0.8}",-18.366138815518294,-13.064692707340864,-20.2211459044371,-17.217325809098753,3.0324395111687736,138
1.5565701325734456,0.042005314614906634,0.041637818018595375,0.014589434662806893,0.8,0.08,6,1,300,0.3,1.0,0.8,"{'colsample_bytree': 0.8, 'learning_rate': 0.08, 'max_depth': 6, 'min_child_weight': 1, 'n_estimators': 300, 'reg_alpha': 0.3, 'reg_lambda': 1.0, 'subsample': 0.8}",-18.55634265712543,-13.472917859001333,-20.197921466488886,-17.409060660871884,2.8628203301844137,189
1.833489974339803,0.12042099517435785,0.04937148094177246,0.01099031792287632,0.8,0.08,6,1,300,0.5,1.0,0.8,"{'colsample_bytree': 0.8, 'learning_rate': 0.08, 'max_depth': 6, 'min_child_weight': 1, 'n_estimators': 300, 'reg_alpha': 0.5, 'reg_lambda': 1.0, 'subsample': 0.8}",-18.552220649424076,-13.229122843268911,-20.24894222229861,-17.343428571663864,2.990579625422928,173
1.701379378636678,0.1313282881465658,0.045550028483072914,0.012120645493000216,0.8,0.08,6,1,300,0.7,1.0,0.8,"{'colsample_bytree': 0.8, 'learning_rate': 0.08, 'max_depth': 6, 'min_child_weight': 1, 'n_estimators': 300, 'reg_alpha': 0.7, 'reg_lambda': 1.0, 'subsample': 0.8}",-18.53326974091484,-13.133169150884621,-20.405663477756743,-17.357367456518734,3.0832183478126427,180
2.83884859085083,0.15239400899202601,0.05354825655619303,0.01254668929949056,0.8,0.08,6,1,450,0.3,1.0,0.8,"{'colsample_bytree': 0.8, 'learning_rate': 0.08, 'max_depth': 6, 'min_child_weight': 1, 'n_estimators': 450, 'reg_alpha': 0.3, 'reg_lambda': 1.0, 'subsample': 0.8}",-18.664526666349566,-13.483773896041239,-20.416553730110284,-17.52161809750036,2.9434151428208133,199
3.2176109155019126,0.25279760153476677,0.05711658795674642,0.010556659575959573,0.8,0.08,6,1,450,0.5,1.0,0.8,"{'colsample_bytree': 0.8, 'learning_rate': 0.08, 'max_depth': 6, 'min_child_weight': 1, 'n_estimators': 450, 'reg_alpha': 0.5, 'reg_lambda': 1.0, 'subsample': 0.8}",-18.773726179395055,-14.153626782832083,-20.302851193505496,-17.743401385244212,2.6139901937187817,228
2.9081904888153076,0.3557004020216089,0.05209573109944662,0.004701574088474859,0.8,0.08,6,1,450,0.7,1.0,0.8,"{'colsample_bytree': 0.8, 'learning_rate': 0.08, 'max_depth': 6, 'min_child_weight': 1, 'n_estimators': 450, 'reg_alpha': 0.7, 'reg_lambda': 1.0, 'subsample': 0.8}",-18.675007006619538,-13.895847522184775,-20.53842083394817,-17.70309178758416,2.7975476695708887,224
1.1649555365244548,0.01035490628968861,0.04656354586283366,0.006078032715705135,0.8,0.08,6,3,200,0.3,1.0,0.8,"{'colsample_bytree': 0.8, 'learning_rate': 0.08, 'max_depth': 6, 'min_child_weight': 3, 'n_estimators': 200, 'reg_alpha': 0.3, 'reg_lambda': 1.0, 'subsample': 0.8}",-18.082266565412908,-13.94451520245333,-19.995634218883946,-17.34080532891673,2.525382335630507,172
1.1817376613616943,0.09470240162948423,0.05560978253682455,0.01313091907051977,0.8,0.08,6,3,200,0.5,1.0,0.8,"{'colsample_bytree': 0.8, 'learning_rate': 0.08, 'max_depth': 6, 'min_child_weight': 3, 'n_estimators': 200, 'reg_alpha': 0.5, 'reg_lambda': 1.0, 'subsample': 0.8}",-18.194004070130088,-13.744707234511479,-20.093032164383107,-17.34391448967489,2.6604882477853913,175
1.176472584406535,0.07898115046582611,0.06361826260884602,0.021521675878316857,0.8,0.08,6,3,200,0.7,1.0,0.8,"{'colsample_bytree': 0.8, 'learning_rate': 0.08, 'max_depth': 6, 'min_child_weight': 3, 'n_estimators': 200, 'reg_alpha': 0.7, 'reg_lambda': 1.0, 'subsample': 0.8}",-18.12979025708163,-12.845531138492808,-20.172807212435195,-17.04937620266988,3.087362905206748,92
1.6357076168060303,0.048677930359594244,0.04085167249043783,0.008268052190353167,0.8,0.08,6,3,300,0.3,1.0,0.8,"{'colsample_bytree': 0.8, 'learning_rate': 0.08, 'max_depth': 6, 'min_child_weight': 3, 'n_estimators': 300, 'reg_alpha': 0.3, 'reg_lambda': 1.0, 'subsample': 0.8}",-18.182400075876814,-14.441003275344379,-20.061833991397975,-17.561745780873057,2.336285270832432,205
2.025638739267985,0.4783784984977105,0.047915379206339516,0.012378078909418383,0.8,0.08,6,3,300,0.5,1.0,0.8,"{'colsample_bytree': 0.8, 'learning_rate': 0.08, 'max_depth': 6, 'min_child_weight': 3, 'n_estimators': 300, 'reg_alpha': 0.5, 'reg_lambda': 1.0, 'subsample': 0.8}",-18.340498942410928,-14.052880320429914,-20.12281794416899,-17.505399069003275,2.547427400070497,198
1.8270102341969807,0.1821474908555575,0.036319573720296226,0.004126761762142159,0.8,0.08,6,3,300,0.7,1.0,0.8,"{'colsample_bytree': 0.8, 'learning_rate': 0.08, 'max_depth': 6, 'min_child_weight': 3, 'n_estimators': 300, 'reg_alpha': 0.7, 'reg_lambda': 1.0, 'subsample': 0.8}",-18.271033866407972,-13.254076673933724,-20.230164385650262,-17.251758308663984,2.937759002749245,151
2.934312343597412,0.25030871417166406,0.05064002672831217,0.009358916891288793,0.8,0.08,6,3,450,0.3,1.0,0.8,"{'colsample_bytree': 0.8, 'learning_rate': 0.08, 'max_depth': 6, 'min_child_weight': 3, 'n_estimators': 450, 'reg_alpha': 0.3, 'reg_lambda': 1.0, 'subsample': 0.8}",-18.340474390672465,-14.76784473478816,-20.230108511001966,-17.779475878820865,2.264968121623961,231
3.025665044784546,0.0998589761377916,0.052012125651041664,0.009501316499235515,0.8,0.08,6,3,450,0.5,1.0,0.8,"{'colsample_bytree': 0.8, 'learning_rate': 0.08, 'max_depth': 6, 'min_child_weight': 3, 'n_estimators': 450, 'reg_alpha': 0.5, 'reg_lambda': 1.0, 'subsample': 0.8}",-18.471154712143832,-14.26329148431383,-20.245921441034618,-17.66012254583076,2.5088237856093833,216
2.622861385345459,0.11187509834534194,0.04069622357686361,0.005593852910992228,0.8,0.08,6,3,450,0.7,1.0,0.8,"{'colsample_bytree': 0.8, 'learning_rate': 0.08, 'max_depth': 6, 'min_child_weight': 3, 'n_estimators': 450, 'reg_alpha': 0.7, 'reg_lambda': 1.0, 'subsample': 0.8}",-18.419801977889932,-13.669186379633333,-20.52863165488105,-17.539206670801438,2.8687492561717867,203
1.0202630360921223,0.04805135161796579,0.029145081837972004,0.006898793248662678,0.8,0.08,6,5,200,0.3,1.0,0.8,"{'colsample_bytree': 0.8, 'learning_rate': 0.08, 'max_depth': 6, 'min_child_weight': 5, 'n_estimators': 200, 'reg_alpha': 0.3, 'reg_lambda': 1.0, 'subsample': 0.8}",-18.067945620732324,-14.30404265860942,-19.967422250486994,-17.44647017660958,2.3534571586157416,193
0.9529354572296143,0.029387636919651985,0.0203708012898763,0.002650751474903189,0.8,0.08,6,5,200,0.5,1.0,0.8,"{'colsample_bytree': 0.8, 'learning_rate': 0.08, 'max_depth': 6, 'min_child_weight': 5, 'n_estimators': 200, 'reg_alpha': 0.5, 'reg_lambda': 1.0, 'subsample': 0.8}",-17.97753937748217,-14.541568997897226,-20.059576348968054,-17.52622824144915,2.2752087944843638,201
1.1232012112935383,0.12052031602559646,0.03140179316202799,0.007998315166185406,0.8,0.08,6,5,200,0.7,1.0,0.8,"{'colsample_bytree': 0.8, 'learning_rate': 0.08, 'max_depth': 6, 'min_child_weight': 5, 'n_estimators': 200, 'reg_alpha': 0.7, 'reg_lambda': 1.0, 'subsample': 0.8}",-18.00620070366055,-13.963394472933734,-19.96594523573781,-17.311846804110697,2.499233138167921,161
1.781960407892863,0.10707456955478371,0.02954840660095215,0.005221751026932901,0.8,0.08,6,5,300,0.3,1.0,0.8,"{'colsample_bytree': 0.8, 'learning_rate': 0.08, 'max_depth': 6, 'min_child_weight': 5, 'n_estimators': 300, 'reg_alpha': 0.3, 'reg_lambda': 1.0, 'subsample': 0.8}",-18.1360877809784,-14.621369512938681,-20.042780871955607,-17.60007938862423,2.245499800107616,210
1.7960139910380046,0.2033620688531201,0.025772809982299805,0.0025424005804099118,0.8,0.08,6,5,300,0.5,1.0,0.8,"{'colsample_bytree': 0.8, 'learning_rate': 0.08, 'max_depth': 6, 'min_child_weight': 5, 'n_estimators': 300, 'reg_alpha': 0.5, 'reg_lambda': 1.0, 'subsample': 0.8}",-18.027046657080373,-14.767587517795569,-20.154294821620887,-17.649642998832274,2.2152470193660934,214
1.4528202215830486,0.026713005976350464,0.036304076512654625,0.01209169205217904,0.8,0.08,6,5,300,0.7,1.0,0.8,"{'colsample_bytree': 0.8, 'learning_rate': 0.08, 'max_depth': 6, 'min_child_weight': 5, 'n_estimators': 300, 'reg_alpha': 0.7, 'reg_lambda': 1.0, 'subsample': 0.8}",-18.12381624779663,-14.542097349620192,-20.070625852775507,-17.57884648339744,2.289672594591079,206
2.5895280838012695,0.4576332479571659,0.03803388277689616,0.006405459299055977,0.8,0.08,6,5,450,0.3,1.0,0.8,"{'colsample_bytree': 0.8, 'learning_rate': 0.08, 'max_depth': 6, 'min_child_weight': 5, 'n_estimators': 450, 'reg_alpha': 0.3, 'reg_lambda': 1.0, 'subsample': 0.8}",-18.18389923323385,-15.603941894368544,-20.213011923462133,-18.000284350354843,1.8861190227878335,237
2.186948776245117,0.02568063553672008,0.04035719235738119,0.007366592492081929,0.8,0.08,6,5,450,0.5,1.0,0.8,"{'colsample_bytree': 0.8, 'learning_rate': 0.08, 'max_depth': 6, 'min_child_weight': 5, 'n_estimators': 450, 'reg_alpha': 0.5, 'reg_lambda': 1.0, 'subsample': 0.8}",-18.14086585259046,-15.25512874068229,-20.37703918635004,-17.924344593207596,2.0966088087168537,234
2.1038551330566406,0.1218652586080799,0.03614131609598795,0.00477861633599572,0.8,0.08,6,5,450,0.7,1.0,0.8,"{'colsample_bytree': 0.8, 'learning_rate': 0.08, 'max_depth': 6, 'min_child_weight': 5, 'n_estimators': 450, 'reg_alpha': 0.7, 'reg_lambda': 1.0, 'subsample': 0.8}",-18.197737072271728,-15.42400370642159,-20.315191649972206,-17.978977476221843,2.002801653589567,236
