learning_rate,n_estimators,max_depth,training_time_sec,train_rmse,train_mae,train_mape,train_r2,test_rmse,test_mae,test_mape,test_r2
BASELINE,BASELINE,BASELINE,3.5056,7.87083807,2.84005279,0.00705757,0.96851561,24.69610177,5.92856059,0.01221772,-0.96099925
0.001,50,1,0.4735,43.21667092,31.98204025,0.05997816,0.05080405,29.7597351,24.89876207,0.04089219,-1.84759838
0.001,50,2,0.4412,42.76919457,31.92101555,0.05988613,0.07035871,30.03930673,25.32539112,0.04154421,-1.90135202
0.001,50,3,0.5272,42.59090159,31.87384369,0.05981579,0.0780934,30.07374199,25.46898871,0.04176724,-1.90800771
0.001,50,4,0.5433,42.54393141,31.84419158,0.05975661,0.08012567,29.97273681,25.32155447,0.04154211,-1.88850694
0.001,50,5,0.6908,42.52067472,31.83935703,0.05971876,0.0811311,29.94677258,25.31601768,0.04153455,-1.8835047
0.001,50,6,0.9168,42.49849284,31.8351803,0.05967479,0.08208955,29.9463025,25.31542006,0.04153362,-1.88341417
0.001,50,7,1.0919,42.47374016,31.82642374,0.05964328,0.08315848,29.94491073,25.31536025,0.04153359,-1.88314616
0.001,50,8,1.5295,42.45516077,31.81976692,0.0596192,0.08396042,29.93864362,25.30805682,0.0415225,-1.88193947
0.001,50,9,2.1484,42.44154314,31.81600342,0.05960506,0.08454797,29.93601305,25.30363795,0.04151574,-1.88143305
0.001,100,1,0.8879,42.15268059,30.62178605,0.05779537,0.09696693,28.5424344,23.37964038,0.03858544,-1.61940491
0.001,100,2,1.2251,41.27278742,30.51215425,0.05763461,0.1342732,29.05534474,24.22200893,0.03987423,-1.71439271
0.001,100,3,1.1086,40.92579746,30.44009498,0.0575268,0.14876875,29.06193578,24.40167346,0.04015513,-1.71562433
0.001,100,4,1.0766,40.83329732,30.38535943,0.05741173,0.15261229,28.89840873,24.1532984,0.0397757,-1.68514951
0.001,100,5,3.5316,40.78530598,30.37566151,0.05732992,0.15460299,28.85638572,24.14925089,0.03977107,-1.6773459
0.001,100,6,1.7583,40.74026904,30.36673372,0.05724607,0.15646901,28.8565025,24.15039892,0.03977281,-1.67736757
0.001,100,7,2.384,40.69100026,30.34984804,0.05718478,0.158508,28.85023801,24.14603289,0.03976629,-1.67620523
0.001,100,8,2.7647,40.65422151,30.33644722,0.05713861,0.16002849,28.83858063,24.13281451,0.03974621,-1.67404294
0.001,100,9,3.1428,40.62777069,30.32849925,0.05711161,0.16112115,28.83406545,24.12381333,0.03973239,-1.67320567
0.001,200,1,0.8465,40.23224503,28.16418863,0.0538525,0.17737521,26.32256069,20.49329388,0.03420258,-1.22780352
0.001,200,2,1.4276,38.52566288,27.88640183,0.05343905,0.24568369,27.26907793,22.17644192,0.03677843,-1.3909006
0.001,200,3,1.5528,37.87245633,27.76359878,0.0532544,0.27104586,27.12591526,22.28323344,0.03695316,-1.36586204
0.001,200,4,1.9277,37.69594691,27.67873928,0.05306815,0.2778248,26.92402771,21.97233237,0.03647835,-1.33077672
0.001,200,5,2.3424,37.6000931,27.65914764,0.0529054,0.28149284,26.86949193,21.98142585,0.03649462,-1.32134411
0.001,200,6,2.7376,37.509018,27.6412893,0.05274194,0.28496937,26.8709393,21.98509319,0.03650015,-1.3215942
0.001,200,7,3.5636,37.40424614,27.60848758,0.05262032,0.2889583,26.86037344,21.978078,0.03648969,-1.31976882
0.001,200,8,4.5298,37.3310515,27.58421717,0.05253639,0.29173839,26.8433921,21.95540624,0.03645508,-1.3168366
0.001,200,9,8.3824,37.27693124,27.56863652,0.05248439,0.29379049,26.83326113,21.93409493,0.03642226,-1.31508813
0.001,500,1,1.8529,35.61846841,23.21395187,0.0459585,0.35523161,22.26419856,15.69308724,0.02694792,-0.59380339
0.001,500,2,2.6234,31.89304749,21.48017009,0.04320789,0.48305386,22.6775325,16.47927088,0.02815294,-0.6535305
0.001,500,3,3.4068,30.62687123,21.17181846,0.04272655,0.52328532,22.60823913,17.03942438,0.02902782,-0.6434409
0.001,500,4,4.2021,30.24626241,21.03518062,0.04237018,0.53506024,22.33326922,16.62370532,0.02839384,-0.60370771
0.001,500,5,4.9591,30.02234312,20.98273823,0.04199481,0.54191884,22.27178748,16.62890185,0.02840437,-0.5948901
0.001,500,6,6.0664,29.78369798,20.93866564,0.04162018,0.5491724,22.27837187,16.64181505,0.02842382,-0.59583326
0.001,500,7,11.5556,29.4820502,20.86762497,0.0413313,0.55825807,22.26714004,16.63823097,0.02841841,-0.59422456
0.001,500,8,11.6235,29.28305029,20.81404141,0.04114069,0.56420134,22.24353703,16.60119919,0.02836163,-0.59084662
0.001,500,9,19.4352,29.13489663,20.77582702,0.04101812,0.56859992,22.22957297,16.56553452,0.02830666,-0.58884984
0.001,1000,1,3.9143,30.20367787,17.9626184,0.03760974,0.53636852,19.14207822,11.85923337,0.02117195,-0.17814512
0.001,1000,2,4.9216,24.77592654,14.47843421,0.03204448,0.68802983,18.09760981,10.21949314,0.01869451,-0.0530841
0.001,1000,3,6.1095,23.26093641,13.8574612,0.03102707,0.72501586,18.23951434,11.06341471,0.01999698,-0.06966345
0.001,1000,4,7.5651,22.70659308,13.69186183,0.03047909,0.73796626,17.9675357,10.60752251,0.01930146,-0.0380007
0.001,1000,5,12.0346,22.30582299,13.5917823,0.02979894,0.74713439,17.96462489,10.66503981,0.0193902,-0.03766441
0.001,1000,6,15.0076,21.80888916,13.49333707,0.02911969,0.75827568,17.96765835,10.69010249,0.01942835,-0.03801487
0.001,1000,7,20.8729,21.12904368,13.37102344,0.02859872,0.77311126,17.93833149,10.67155385,0.01939994,-0.03462914
0.001,1000,8,26.1913,20.64759159,13.27545359,0.02823319,0.78333335,17.91140987,10.6040094,0.01929606,-0.03152595
0.001,1000,9,35.2474,20.30273807,13.1940443,0.02797559,0.79051039,17.90664315,10.55879235,0.01922592,-0.03097699
0.001,2000,1,8.2042,23.93733591,12.25844315,0.0285252,0.70879094,16.65070275,7.94359556,0.0152678,0.10857307
0.001,2000,2,9.7206,18.84117199,7.94519561,0.02161877,0.81958648,15.55608862,5.3775447,0.0113967,0.22192505
0.001,2000,3,14.6814,17.84994469,7.13797058,0.02019608,0.83807011,15.41247778,5.24227755,0.01119611,0.23622482
0.001,2000,4,15.5432,17.25217439,6.88725968,0.01929874,0.84873413,15.34266513,5.31588871,0.01130808,0.24312837
0.001,2000,5,21.4097,16.60818365,6.71910885,0.01816038,0.85981629,15.31193884,5.24949796,0.01120794,0.24615686
0.001,2000,6,32.6323,15.63597521,6.52896048,0.01703284,0.87574805,15.31072071,5.1964425,0.0111257,0.2462768
0.001,2000,7,42.6592,14.30217541,6.32575848,0.0161423,0.89604211,15.28712025,5.12940853,0.01102208,0.24859864
0.001,2000,8,52.7947,13.26335795,6.15339406,0.01548386,0.91059532,15.26602445,5.0191747,0.01085293,0.25067103
0.001,2000,9,75.5206,12.44015555,6.00201247,0.01495357,0.92134889,15.28744761,4.96203658,0.01076394,0.24856646
0.001,3000,1,13.411,20.67663359,9.25407693,0.02373093,0.78272342,15.75771679,6.00517884,0.01234535,0.20162451
0.001,3000,2,21.0944,17.21740653,5.54629958,0.01776103,0.8493432,15.18615321,4.02828334,0.00936564,0.25849144
0.001,3000,3,19.531,16.60334367,4.95937701,0.01655235,0.85989799,14.98770585,3.59961187,0.00871679,0.27774437
0.001,3000,4,27.2361,15.98784443,4.65503695,0.01546393,0.87009284,14.91039398,3.45597867,0.00849544,0.28517645
0.001,3000,5,35.932,15.19110223,4.41981008,0.01409919,0.88271787,14.88396082,3.37062571,0.00836729,0.28770868
0.001,3000,6,48.8595,13.90064194,4.17732231,0.01268889,0.9017974,14.89832103,3.29886339,0.00825686,0.28633357
0.001,3000,7,64.3501,12.22594309,3.92557033,0.01148849,0.92403422,14.90032792,3.24730339,0.00817599,0.28614128
0.001,3000,8,83.615,10.9120298,3.71410681,0.01062344,0.93948482,14.90220791,3.15626908,0.00803439,0.28596114
0.001,3000,9,112.7687,9.82706889,3.51702927,0.00992787,0.95092037,14.93841414,3.10046008,0.00794709,0.28248728
0.005,50,1,0.4307,39.34961074,27.06053019,0.05208748,0.21307356,25.24544694,19.0195647,0.03196475,-1.0492113
0.005,50,2,0.701,37.24441741,26.65528337,0.05147311,0.29502189,26.43865407,21.18247743,0.03527324,-1.24749792
0.005,50,3,0.4822,36.44904327,26.51286634,0.05126261,0.32481074,26.30728178,21.41610482,0.03564528,-1.22521802
0.005,50,4,0.5191,36.23198801,26.40406823,0.05103013,0.33282834,26.02747225,20.96140451,0.03495016,-1.17813402
0.005,50,5,1.3623,36.11746879,26.3837283,0.05083858,0.33703917,25.95574252,20.96394594,0.03495697,-1.16614502
0.005,50,6,0.8461,36.00074395,26.36001069,0.05062952,0.34131737,25.9634856,20.97000426,0.03496585,-1.16743762
0.005,50,7,0.9065,35.86352371,26.32181584,0.05048133,0.34632906,25.94246186,20.9565131,0.03494585,-1.1639289
0.005,50,8,3.4811,35.76844967,26.29079254,0.05037087,0.34979023,25.9307539,20.94076067,0.03492172,-1.16197616
0.005,50,9,1.8287,35.69541297,26.27140602,0.05030436,0.35244288,25.91969685,20.92184916,0.03489284,-1.16013279
0.005,100,1,0.6417,35.59386691,23.22176295,0.04597862,0.35612197,22.23866085,15.7324698,0.02701026,-0.59014921
0.005,100,2,1.2073,31.84576651,21.43733757,0.04314207,0.48458545,22.66068694,16.47686607,0.02815035,-0.65107483
0.005,100,3,0.7432,30.57658509,21.13716611,0.04267584,0.52484947,22.58767761,17.03173995,0.02901716,-0.64045294
0.005,100,4,0.8543,30.19907249,21.00119716,0.04231094,0.53650989,22.29994138,16.59078167,0.02834441,-0.59892487
0.005,100,5,0.9792,29.9753793,20.95192656,0.04192555,0.54335087,22.24310783,16.6044982,0.02836814,-0.59078522
0.005,100,6,1.3525,29.72755765,20.90568351,0.04154112,0.55087036,22.26349573,16.62649014,0.02840099,-0.59370277
0.005,100,7,1.9795,29.43421433,20.836757,0.04125619,0.5596904,22.2540654,16.62188161,0.02839394,-0.59235294
0.005,100,8,2.3953,29.23356852,20.78373243,0.0410616,0.5656729,22.23180873,16.58829449,0.02834241,-0.58916945
0.005,100,9,3.9807,29.07950535,20.74494576,0.04093175,0.57023872,22.21661884,16.55442496,0.02829031,-0.5869986
0.005,200,1,0.9454,30.16997052,17.9518159,0.03760354,0.53740277,19.20220113,11.95658612,0.02132032,-0.18555756
0.005,200,2,1.2009,24.71377637,14.41909269,0.03195407,0.68959302,18.07000551,10.18336842,0.01864114,-0.04987401
0.005,200,3,1.6551,23.2023281,13.80349993,0.03093941,0.72639982,18.22329698,11.02607246,0.01994081,-0.06776215
0.005,200,4,1.7089,22.65281565,13.64530667,0.03038775,0.73920597,17.9463227,10.59084021,0.01927729,-0.03555116
0.005,200,5,2.298,22.24717257,13.54911916,0.02966888,0.7484624,17.92422198,10.6157286,0.01931657,-0.03300219
0.005,200,6,2.9455,21.74737261,13.45282468,0.02903247,0.75963742,17.93361419,10.65404994,0.01937493,-0.03408505
0.005,200,7,8.1746,21.07669695,13.33263887,0.02851088,0.77423409,17.91561498,10.63227435,0.01934116,-0.03201036
0.005,200,8,6.8397,20.58315894,13.23669776,0.02813553,0.7846835,17.9005074,10.58046168,0.01926061,-0.03027058
0.005,200,9,7.1009,20.23661051,13.15955136,0.02787726,0.79187282,17.89301392,10.56060757,0.01923015,-0.02940818
0.005,500,1,2.6972,22.02793453,10.50194446,0.0257268,0.7533956,16.08911547,6.75288893,0.01347204,0.16769031
0.005,500,2,3.1079,17.74962661,6.41079728,0.01916035,0.83988512,15.29010502,4.4822739,0.0100483,0.24830519
0.005,500,3,4.3336,17.00134189,5.71395825,0.01784464,0.85310072,15.1052999,4.09182435,0.00945898,0.26636622
0.005,500,4,6.7088,16.41146396,5.44186455,0.01683125,0.86311751,15.03676126,4.12767636,0.0095119,0.27300868
0.005,500,5,6.1951,15.68459915,5.22431665,0.01551702,0.87497407,14.99713919,4.04488456,0.00938755,0.2768349
0.005,500,6,7.6936,14.50064449,5.0034636,0.01424248,0.89313688,14.99652429,3.94859386,0.00923991,0.2768942
0.005,500,7,9.2118,13.01781782,4.77940609,0.01322444,0.91387492,15.01296016,3.91322555,0.00918326,0.27530831
0.005,500,8,17.635,11.82244616,4.59498134,0.01246329,0.92896573,15.00490038,3.82168518,0.0090413,0.27608621
0.005,500,9,28.4232,10.85975374,4.42510863,0.01187869,0.94006325,15.02677209,3.8093871,0.00902054,0.27397427
0.005,1000,1,7.6508,17.87287583,6.32073163,0.01902379,0.8376538,15.25229759,4.37130242,0.00988377,0.25201799
0.005,1000,2,7.9216,16.50071316,4.4162876,0.01574827,0.86162466,15.1076519,3.66240134,0.00882047,0.26613774
0.005,1000,3,9.6045,16.01284272,4.04938263,0.01486625,0.86968628,14.91632527,3.16412763,0.00806385,0.28460763
0.005,1000,4,13.7705,15.13815786,3.74954533,0.01361627,0.88353396,14.84366163,2.84629518,0.00757662,0.2915606
0.005,1000,5,12.7613,14.01619385,3.50246563,0.01203876,0.90015796,14.82522759,2.61956224,0.00723133,0.2933191
0.005,1000,6,18.8326,12.47590291,3.22868445,0.0104346,0.92089622,14.85945437,2.53615575,0.00710107,0.29005233
0.005,1000,7,22.8398,10.74058588,2.93287827,0.00907604,0.94137144,14.89729558,2.58012923,0.0071647,0.28643181
0.005,1000,8,30.5158,9.25127507,2.65446079,0.00796394,0.95650329,14.90487883,2.5804869,0.00716376,0.28570516
0.005,1000,9,41.2693,8.01156864,2.39863966,0.00704398,0.96737967,14.95598215,2.60040928,0.00719119,0.28079866
0.005,2000,1,14.3035,16.58536172,4.48639472,0.0158934,0.86020129,15.1261875,3.65966722,0.00881728,0.26433588
0.005,2000,2,11.6324,16.09627854,4.07965418,0.01489501,0.86832473,15.05546946,3.57338409,0.00868837,0.27119857
0.005,2000,3,16.2794,15.44045807,3.85945485,0.01402474,0.878836,14.957735,3.36992323,0.00837659,0.28063006
0.005,2000,4,18.3461,14.17058565,3.58312762,0.01249161,0.89794628,16.04942083,3.89145328,0.0091464,0.17179215
0.005,2000,5,24.9374,12.62338097,3.31246567,0.01073869,0.91901499,16.61466626,4.05267232,0.0093858,0.11242746
0.005,2000,6,28.2346,10.85110253,3.00139376,0.00912844,0.9401587,17.33885157,4.4968839,0.01004665,0.03336777
0.005,2000,7,38.1429,9.06323766,2.6711287,0.0077078,0.95825351,16.23783018,3.71591412,0.00887732,0.15223281
0.005,2000,8,45.0194,7.47553124,2.34575066,0.00645329,0.97159875,15.42888813,3.28207206,0.00822411,0.2345975
0.005,2000,9,65.4634,6.26208402,2.05542797,0.00546347,0.98007075,15.22584065,3.04081033,0.00786081,0.25461066
0.005,3000,1,18.087,16.3872407,4.21302608,0.01530497,0.86352129,15.09544614,3.61128341,0.00874735,0.26732306
0.005,3000,2,16.3243,15.9414878,4.0008534,0.01464477,0.87084508,15.08258353,3.71917919,0.00890993,0.26857114
0.005,3000,3,22.8015,15.05138784,3.77978019,0.01358369,0.88486527,15.45809596,3.75300748,0.00894935,0.23169685
0.005,3000,4,26.6506,13.46858104,3.48914829,0.01184726,0.90780721,18.54157171,4.5740878,0.01016477,-0.10538535
0.005,3000,5,28.7807,11.67505067,3.19245624,0.01000613,0.93072591,19.47333754,4.7928717,0.01049233,-0.21927424
0.005,3000,6,38.0851,9.74699163,2.85390059,0.00832105,0.95171698,20.68432196,5.55777276,0.01163879,-0.37563492
0.005,3000,7,46.1249,7.94205531,2.50146778,0.00686515,0.96794328,17.28463959,4.33255459,0.0098051,0.0394029
0.005,3000,8,65.5875,6.35154346,2.15292025,0.00558345,0.97949726,15.81337111,3.58316624,0.00867937,0.19597502
0.005,3000,9,103.8294,5.09346961,1.83555408,0.00451793,0.98681498,15.47983022,3.38092679,0.00837794,0.22953485
0.01,50,1,0.873,35.5796044,23.1977644,0.04595039,0.35663788,22.19366923,15.64965356,0.02688433,-0.58372157
0.01,50,2,0.8116,31.8192501,21.40569047,0.04309165,0.48544342,22.66544913,16.46965839,0.02813914,-0.65176885
0.01,50,3,0.6646,30.54082933,21.12132306,0.04265669,0.52596009,22.60330703,17.09350767,0.02911307,-0.64272393
0.01,50,4,0.619,30.16986513,20.97150231,0.0422852,0.537406,22.27406897,16.54437785,0.02827395,-0.59521687
0.01,50,5,0.7478,29.95334398,20.92327684,0.04193761,0.544022,22.24646418,16.59778621,0.02835759,-0.59126534
0.01,50,6,0.8401,29.70410388,20.88161311,0.04153256,0.55157877,22.24101993,16.59659848,0.02835572,-0.59048659
0.01,50,7,1.0044,29.40084099,20.81190297,0.04125259,0.5606883,22.21884424,16.58295207,0.02833537,-0.58731654
0.01,50,8,1.425,29.18949175,20.75682081,0.04104188,0.56698163,22.20845942,16.56464855,0.02830715,-0.58583311
0.01,50,9,2.7094,29.03743108,20.71738958,0.04091243,0.57148143,22.19306454,16.53120033,0.02825579,-0.58363527
0.01,100,1,1.041,30.14594515,17.90258176,0.0375306,0.53813924,19.12225119,11.87340855,0.0211952,-0.17570578
0.01,100,2,1.3398,24.67505219,14.35432169,0.03185415,0.69056501,18.06326143,10.17564218,0.01862996,-0.04909049
0.01,100,3,1.4861,23.16180552,13.76454163,0.0308789,0.72735466,18.19612658,10.99751295,0.01989832,-0.06458052
0.01,100,4,1.2377,22.61322835,13.60716426,0.0303229,0.74011669,17.90723006,10.53776257,0.01919751,-0.03104457
0.01,100,5,4.8742,22.21190277,13.51494362,0.02964927,0.74925933,17.91504135,10.59302884,0.01928179,-0.03194427
0.01,100,6,1.7996,21.71923879,13.4214396,0.02896845,0.76025892,17.90631899,10.61189004,0.01931118,-0.03093966
0.01,100,7,2.195,21.03207385,13.29935384,0.02843997,0.77518905,17.91821782,10.63379449,0.01934373,-0.03231025
0.01,100,8,3.4901,20.55647756,13.20968717,0.02807461,0.78524135,17.89719875,10.59436813,0.01928345,-0.02988975
0.01,100,9,3.4135,20.18653364,13.12776755,0.02779641,0.79290159,17.87908697,10.52847133,0.01918179,-0.02780633
0.01,200,1,1.0627,23.8780284,12.20036831,0.0284482,0.71023216,16.67204472,7.92659536,0.01524184,0.10628644
0.01,200,2,1.7268,18.7847106,7.86338271,0.0214919,0.82066615,15.54413735,5.29288665,0.01126919,0.22312014
0.01,200,3,2.1099,17.79515946,7.05959623,0.02007804,0.83906258,15.39553294,5.21750445,0.0111603,0.23790332
0.01,200,4,2.1496,17.20361341,6.80928277,0.01914784,0.84958449,15.32015485,5.20439585,0.01113944,0.24534766
0.01,200,5,2.192,16.56286848,6.6558287,0.01801891,0.86058023,15.2875733,5.15261721,0.01106174,0.2485541
0.01,200,6,2.8422,15.60390643,6.47415816,0.01692077,0.8762572,15.29416358,5.1209795,0.01101251,0.24790608
0.01,200,7,3.8137,14.27179376,6.27902817,0.01603964,0.89648331,15.27259851,5.09887658,0.01097776,0.25002552
0.01,200,8,7.9862,13.23106001,6.11330553,0.01538731,0.91103022,15.24908118,4.9921565,0.01081402,0.25233342
0.01,200,9,6.9351,12.3619827,5.96054559,0.01484085,0.92233425,15.27584165,4.9253976,0.01070961,0.24970697
0.01,500,1,2.446,17.86049325,6.3228147,0.01903529,0.83787867,15.26702985,4.36505431,0.0098744,0.25057233
0.01,500,2,5.2302,16.49163631,4.39272205,0.01570715,0.86177686,15.10443423,3.64474214,0.00879366,0.26645031
0.01,500,3,3.9008,15.99916193,4.05395484,0.01484636,0.86990886,14.91507392,3.18986402,0.00810322,0.28472765
0.01,500,4,3.9145,15.12827733,3.74747404,0.01356349,0.88368594,14.85233169,2.91312734,0.00767899,0.29073277
0.01,500,5,7.7987,13.98372449,3.50008875,0.01198383,0.90062,14.8427826,2.60595652,0.00721082,0.2916445
0.01,500,6,6.4913,12.4435279,3.22976017,0.01041981,0.92130624,14.87803618,2.56060835,0.00713873,0.28827563
0.01,500,7,8.0973,10.74625976,2.93566841,0.00905774,0.94130948,14.88187159,2.57055476,0.00715118,0.28790863
0.01,500,8,11.7123,9.27594365,2.66041805,0.00795098,0.95627101,14.89145561,2.607596,0.00720566,0.28699116
0.01,500,9,19.9809,7.99741258,2.39746087,0.00703219,0.96749484,14.92558951,2.54490539,0.00711049,0.28371872
0.01,1000,1,5.0582,16.58273537,4.47767187,0.0158984,0.86024556,15.1484333,3.69055244,0.00886413,0.26217044
0.01,1000,2,5.3062,16.08876316,4.06304308,0.01484142,0.86844766,15.06631134,3.59935216,0.00872838,0.27014853
0.01,1000,3,6.6765,15.44547904,3.85294587,0.0140161,0.87875718,14.95697728,3.33382977,0.00832128,0.28070295
0.01,1000,4,11.3124,14.19055092,3.57817755,0.01243699,0.8976585,15.5472432,3.56330267,0.00865121,0.22280965
0.01,1000,5,9.5994,12.59569965,3.30443562,0.01072205,0.91936978,17.14718351,4.08069889,0.00942272,0.05462045
0.01,1000,6,12.3709,10.86314566,2.99694457,0.00910421,0.9400258,15.97992056,3.28916184,0.00822701,0.17894954
0.01,1000,7,19.9834,9.03523366,2.65883842,0.00766532,0.95851109,15.78760552,3.30712413,0.00825927,0.19859297
0.01,1000,8,23.4698,7.50792127,2.34645153,0.00645884,0.97135211,15.21354876,3.06115009,0.00789055,0.25581369
0.01,1000,9,31.4615,6.21466857,2.04966556,0.00544931,0.98037141,15.23719629,3.00913489,0.0078178,0.25349841
0.01,2000,1,9.5552,16.32150099,4.14333407,0.01516822,0.8646141,15.09947768,3.58575545,0.00870855,0.26693166
0.01,2000,2,10.5864,15.80144754,3.95422472,0.01444448,0.87310427,15.18432469,3.99511831,0.00932639,0.25867
0.01,2000,3,16.2377,14.65195631,3.71633331,0.01319151,0.89089504,16.7002031,4.36724396,0.00986794,0.103265
0.01,2000,4,15.8339,12.9050803,3.4154518,0.01128185,0.91536019,19.6114936,4.73273128,0.01039837,-0.2366362
0.01,2000,5,21.6049,10.82557942,3.09418943,0.0093211,0.94043988,22.62305996,6.54607871,0.01312449,-0.64559632
0.01,2000,6,23.024,8.80900184,2.73794893,0.00757345,0.96056275,21.52629193,5.54620464,0.01162342,-0.48990667
0.01,2000,7,31.6981,6.9228135,2.35294274,0.00607605,0.9756433,18.0594622,4.68533745,0.01033443,-0.04864923
0.01,2000,8,46.9542,5.45348943,1.99343959,0.00482086,0.98488521,16.05542095,4.0340839,0.00936389,0.17117278
0.01,2000,9,53.9077,4.20855689,1.64459854,0.00374638,0.9909984,15.86611331,3.87967953,0.00913913,0.19060276
0.01,3000,1,16.7076,16.26558615,4.08732907,0.01505035,0.86554013,15.12122795,3.68641325,0.00886186,0.26481822
0.01,3000,2,17.1294,15.60279578,3.91171766,0.01420904,0.87627482,15.5358429,4.25289613,0.00971205,0.22394901
0.01,3000,3,23.6522,14.04005255,3.63051466,0.01257486,0.89981776,18.8313847,4.79880232,0.01050725,-0.14021073
0.01,3000,4,26.7675,11.9209992,3.28887102,0.01038068,0.92777649,23.27171061,5.46495387,0.0114908,-0.74131455
0.01,3000,5,31.9144,9.55860136,2.91869438,0.00831777,0.95356537,25.1748592,7.16336607,0.01405127,-1.03776789
0.01,3000,6,36.4741,7.4646872,2.51590555,0.00654489,0.97168109,23.11049613,6.10150908,0.0124604,-0.71727225
0.01,3000,7,42.9038,5.57817557,2.07691805,0.0049745,0.98418615,19.20326357,5.17401188,0.0110717,-0.18568875
0.01,3000,8,58.6353,4.13912849,1.66957514,0.00375575,0.99129295,16.331261,4.31720988,0.00979494,0.14244881
0.01,3000,9,86.0028,3.00416847,1.28380281,0.00271102,0.99541328,15.98107782,4.10451318,0.0094824,0.17883062
0.03,50,1,0.5756,26.39287471,14.34883506,0.03187506,0.64598093,17.47394714,9.17521865,0.01711761,0.01824607
0.03,50,2,0.6371,20.73373288,10.18096018,0.02520728,0.78152173,16.20979643,6.87566852,0.01365262,0.15515753
0.03,50,3,0.6406,19.46031842,9.40234039,0.02390783,0.80753439,16.20381322,7.23223365,0.0142032,0.1557811
0.03,50,4,0.6044,18.8439593,9.19294087,0.02314576,0.81953309,16.06385892,7.11298317,0.01402395,0.17030136
0.03,50,5,0.7048,18.30896991,9.08449562,0.02222389,0.82963472,16.04207907,7.10849893,0.01401642,0.1725497
0.03,50,6,0.8269,17.53698662,8.9353032,0.0213339,0.84369848,16.0343551,7.0983373,0.0140002,0.17334631
0.03,50,7,1.0397,16.48909551,8.78471616,0.02065551,0.86181945,16.08297376,7.12672544,0.01404196,0.16832562
0.03,50,8,1.6059,15.67215778,8.64416735,0.02009666,0.87517233,16.0325121,6.99717112,0.01384382,0.17353633
0.03,50,9,4.4938,15.09531137,8.5252116,0.01970696,0.88419231,16.09386858,7.04199809,0.01390866,0.16719847
0.03,100,1,1.2772,20.56552972,9.1682242,0.02361701,0.78505217,15.74962508,5.86595243,0.012134,0.20244424
0.03,100,2,1.2363,17.16726927,5.42508093,0.01757635,0.85021935,15.2016033,3.95245413,0.00925009,0.25698188
0.03,100,3,1.0751,16.56602181,4.86563068,0.01638602,0.86052714,14.9827619,3.52421723,0.00860262,0.27822079
0.03,100,4,1.3547,15.96654571,4.56230972,0.01531262,0.87043873,14.92743975,3.40974921,0.0084272,0.28354112
0.03,100,5,1.3156,15.1633416,4.34913705,0.01395257,0.88314613,14.90627752,3.30549905,0.00826844,0.28557109
0.03,100,6,1.8082,13.85987743,4.12343022,0.01257007,0.90237253,14.88577873,3.23329285,0.00815706,0.28753468
0.03,100,7,2.0239,12.22028967,3.88415982,0.01140051,0.92410446,15.00290291,3.21173406,0.0081213,0.27627894
0.03,100,8,2.7233,10.97113668,3.68057982,0.01055734,0.93882746,15.00023821,3.24627737,0.0081704,0.276536
0.03,100,9,4.0944,9.86399304,3.49603864,0.00985699,0.95055086,15.02059737,3.25107436,0.00817322,0.27457081
0.03,200,1,3.1218,17.28924936,5.52179542,0.01774565,0.84808329,15.2149156,4.03511122,0.00937861,0.25567996
0.03,200,2,2.9403,16.36166278,4.25972803,0.01541791,0.863947,15.10091529,3.63140483,0.00877491,0.26679206
0.03,200,3,2.1947,15.84200751,3.99445662,0.01462623,0.87245199,14.94875801,3.32011181,0.00830292,0.28149327
0.03,200,4,2.5527,14.93063977,3.69509763,0.01329023,0.88670517,14.89878652,2.96504276,0.00775972,0.28628897
0.03,200,5,5.6872,13.67337815,3.45473543,0.01163511,0.90498221,14.95703114,2.84872836,0.00757564,0.28069776
0.03,200,6,2.7837,12.13089701,3.18707834,0.0100998,0.92521077,14.88125405,2.5770562,0.00716502,0.28796773
0.03,200,7,3.2065,10.35298454,2.87893297,0.00872919,0.94552661,15.00131803,2.53546648,0.00709634,0.27643184
0.03,200,8,5.6481,8.85485939,2.56975837,0.00757071,0.96015108,14.99311418,2.61933636,0.00722054,0.27722302
0.03,200,9,7.6187,7.66426846,2.30351674,0.00664409,0.97014654,15.02044756,2.63367972,0.0072403,0.27458528
0.03,500,1,2.8511,16.38513117,4.21723453,0.01534839,0.86355642,15.10381093,3.62431042,0.00876665,0.26651085
0.03,500,2,3.2642,15.92754412,3.99648033,0.0145894,0.87107092,15.10266248,3.78147185,0.00900403,0.26662239
0.03,500,3,7.7073,15.0195663,3.78716935,0.01354236,0.88535159,15.03383278,3.60397861,0.0087326,0.27329183
0.03,500,4,4.7888,13.51602688,3.48987948,0.01182479,0.90715653,17.19004879,4.10176766,0.00945783,0.04988794
0.03,500,5,5.9073,11.57510806,3.20512011,0.01000731,0.93190686,19.06972855,4.39441396,0.00989172,-0.16925608
0.03,500,6,6.7503,9.86111356,2.88824182,0.00843001,0.95057972,19.41594263,4.23453599,0.0096409,-0.21209755
0.03,500,7,11.0695,7.8850575,2.52379586,0.00683408,0.96840175,17.82431938,4.08168026,0.00942498,-0.02151918
0.03,500,8,10.4448,6.35788628,2.17324393,0.00558854,0.97945629,15.64238249,3.68107069,0.00881989,0.21326872
0.03,500,9,14.5533,5.06365228,1.85305746,0.0045145,0.9869689,15.42485426,3.48829654,0.0085476,0.23499768
0.03,1000,1,3.7736,16.26739488,4.08234554,0.01506865,0.86551022,15.10753065,3.61687751,0.00875579,0.26614952
0.03,1000,2,7.6849,15.60596173,3.90545025,0.01418328,0.8762246,15.77610068,4.44869913,0.01000584,0.19976056
0.03,1000,3,6.4592,14.00917362,3.63423587,0.01251387,0.90025795,18.37159858,4.91822559,0.01069053,-0.08521181
0.03,1000,4,10.3241,11.88301821,3.29286082,0.0103792,0.92823598,23.08927382,5.50756082,0.01155573,-0.71411976
0.03,1000,5,9.4822,9.53759186,2.93130382,0.0083066,0.95376927,24.55889663,5.59385333,0.01168618,-0.93927017
0.03,1000,6,16.736,7.50690125,2.54237464,0.00656278,0.97135989,24.05149897,5.51980796,0.01157763,-0.85996559
0.03,1000,7,14.9863,5.61281749,2.11039166,0.00501519,0.98398912,19.21010741,4.78863167,0.01049902,-0.18653404
0.03,1000,8,24.5864,4.17950848,1.69678535,0.00377134,0.99112223,16.18803202,4.22125521,0.00964321,0.1574247
0.03,1000,9,34.6361,3.05184473,1.31701774,0.00276906,0.99526655,15.75987791,3.98941634,0.00931297,0.20140551
0.03,2000,1,10.7578,16.19860598,4.04185719,0.01497144,0.86664523,15.14069532,3.78628083,0.00901269,0.26292403
0.03,2000,2,13.4207,15.12676368,3.83370224,0.01375262,0.88370921,19.51975334,5.34865432,0.01134933,-0.22509358
0.03,2000,3,11.1179,12.67483776,3.47468657,0.01110646,0.91835341,23.60267785,5.68291704,0.01182702,-0.79119625
0.03,2000,4,22.7389,9.84322719,3.04496461,0.0085837,0.95075884,32.28537851,7.1894705,0.01407694,-2.35144718
0.03,2000,5,22.7373,7.18099643,2.55467094,0.00636055,0.97379268,28.24434371,7.18253594,0.0140822,-1.56497768
0.03,2000,6,26.325,5.03252545,2.0394368,0.00458675,0.98712862,25.87083542,6.62461286,0.01325765,-1.1519963
0.03,2000,7,36.4122,3.43454381,1.52279959,0.00315894,0.99400497,20.24225872,5.44115436,0.01148287,-0.31746339
0.03,2000,8,54.139,2.24118525,1.05233522,0.00208408,0.99744725,16.48500243,4.69387572,0.01036634,0.12622695
0.03,2000,9,73.7436,1.3069791,0.65199531,0.00121445,0.99913186,15.9600913,4.35585937,0.00986886,0.18098594
0.03,3000,1,13.4485,16.16943076,4.03319507,0.01493081,0.86712517,15.14849108,3.80925718,0.00904838,0.26216481
0.03,3000,2,16.5618,14.74699912,3.79821437,0.01333055,0.88947499,22.0649462,5.75252661,0.01195038,-0.56540371
0.03,3000,3,18.7883,11.7418078,3.34536929,0.0101528,0.92993144,29.58958056,6.61331491,0.0132209,-1.81512856
0.03,3000,4,23.5517,8.48586061,2.82840758,0.0074234,0.96340304,36.42308164,8.07174333,0.01540478,-3.2655397
0.03,3000,5,30.3381,5.7637796,2.25234337,0.00519287,0.98311629,28.86604139,7.60926735,0.014728,-1.67913794
0.03,3000,6,37.6735,3.71078929,1.6498941,0.0034402,0.99300181,26.23334808,6.82476967,0.01356061,-1.21272813
0.03,3000,7,48.2278,2.25553402,1.09491136,0.00210654,0.99741446,20.39789606,5.68346209,0.0118497,-0.33780053
0.03,3000,8,68.2329,1.27516798,0.64791904,0.00120194,0.9991736,16.58214351,4.84615222,0.01059876,0.11589885
0.03,3000,9,97.1607,0.61625342,0.32525844,0.00058145,0.99980699,15.98420594,4.39208148,0.00992497,0.17850912
0.05,50,1,0.5208,21.87442594,10.33697537,0.02547159,0.75682071,15.99904113,6.58252107,0.01321651,0.17698353
0.05,50,2,0.4545,17.6821595,6.29788082,0.01898742,0.84110001,15.28888476,4.32805185,0.0098136,0.24842517
0.05,50,3,0.5293,16.96985719,5.61207862,0.0177175,0.8536443,15.11443202,3.94977233,0.00924291,0.2654789
0.05,50,4,0.6472,16.39771284,5.34152646,0.01679703,0.8633468,15.02835933,4.00163648,0.00932062,0.27382088
0.05,50,5,1.2354,15.62976187,5.14260082,0.01540588,0.87584678,15.03037335,3.99017651,0.00930427,0.27362623
0.05,50,6,1.069,14.48839588,4.92088837,0.01415565,0.89331733,14.97711639,3.87710735,0.00913109,0.27876462
0.05,50,7,1.3167,13.04236458,4.68312633,0.01310124,0.91354981,15.07437947,3.88175387,0.00913769,0.26936663
0.05,50,8,1.7259,11.71414646,4.49153093,0.01232778,0.93026119,15.01031354,3.79261019,0.0089983,0.2755638
0.05,50,9,2.0649,10.7465376,4.32770312,0.01172946,0.94130645,14.99507924,3.81942647,0.00903635,0.27703355
0.05,100,1,1.1659,17.81888288,6.28195405,0.01897181,0.83863319,15.23083709,4.23931164,0.00968261,0.25412138
0.05,100,2,1.014,16.50304214,4.42944725,0.01573283,0.8615856,15.13630495,3.58566875,0.00870358,0.26335143
0.05,100,3,1.0255,16.02675076,4.10282107,0.0149311,0.86945981,14.95731556,3.14707909,0.00803685,0.28067041
0.05,100,4,1.302,15.19206103,3.80947829,0.01368715,0.88270307,14.91978693,2.89610553,0.00765238,0.28427555
0.05,100,5,1.5037,14.02698251,3.55345918,0.01210012,0.9000042,14.90446247,2.78562695,0.00748267,0.28574507
0.05,100,6,2.2032,12.53006131,3.29194407,0.01048053,0.92020794,14.85010424,2.62876049,0.00724113,0.2909455
0.05,100,7,1.9789,10.87408188,2.99443294,0.00924496,0.93990498,15.02606515,2.62405215,0.00723505,0.27404258
0.05,100,8,2.4913,9.35720731,2.71156377,0.00805545,0.95550146,14.90405812,2.41097671,0.00690602,0.28578382
0.05,100,9,3.4512,8.08794869,2.45340243,0.00710267,0.96675472,14.93065689,2.63119104,0.00723944,0.28323227
0.05,200,1,0.9887,16.59001696,4.54220084,0.01601235,0.8601228,15.116311,3.67390128,0.00883713,0.26529626
0.05,200,2,1.3419,16.10000604,4.11698399,0.01494831,0.86826374,15.05954321,3.5113679,0.00859359,0.27080411
0.05,200,3,1.4658,15.48099768,3.90643857,0.01413371,0.87819892,14.97999327,3.35027803,0.00834739,0.27848751
0.05,200,4,1.7346,14.2984099,3.65051149,0.0125596,0.89609684,15.2384175,3.60166607,0.00872167,0.25337874
0.05,200,5,2.0644,12.74867991,3.36336014,0.01088423,0.91739931,17.15776669,3.79721755,0.00900092,0.05345312
0.05,200,6,4.9323,11.08200703,3.08644674,0.00931024,0.93758484,18.10532583,4.30156587,0.0097508,-0.05398227
0.05,200,7,3.0305,9.24299005,2.73837368,0.00795549,0.95658116,15.61330168,3.94598508,0.0092139,0.21619123
0.05,200,8,4.4549,7.78961358,2.42913208,0.00672133,0.96916208,15.34162273,2.9778725,0.00776888,0.24323121
0.05,200,9,5.7521,6.40824545,2.13699992,0.00562759,0.97912956,15.28072079,3.47053825,0.00851991,0.24922761
0.05,500,1,2.1557,16.30738538,4.1861044,0.01525104,0.86484817,15.08318385,3.56575036,0.00867571,0.26851291
0.05,500,2,2.6701,15.71977982,3.96599763,0.01436555,0.87441257,15.23528859,4.15091304,0.00956366,0.25368532
0.05,500,3,3.1955,14.33656065,3.70177726,0.01282234,0.89554164,16.16570955,4.12246021,0.00950128,0.15974683
0.05,500,4,3.6578,12.4162769,3.40637016,0.01077588,0.92165053,20.79717205,5.16410438,0.01105385,-0.39068632
0.05,500,5,6.5776,10.1709732,3.04542469,0.00886622,0.94742512,25.19453323,5.39349763,0.01138309,-1.04095415
0.05,500,6,6.474,8.17148011,2.70055162,0.00705489,0.96606446,29.09046725,6.89298882,0.01364451,-1.72095907
0.05,500,7,9.0219,6.13919709,2.26391525,0.00541278,0.98084525,17.31011349,5.14639627,0.01102175,0.03656938
0.05,500,8,11.8449,4.77395061,1.89264046,0.00428787,0.98841732,16.30690843,4.00711544,0.00933977,0.1450044
0.05,500,9,17.5469,3.61133244,1.52146294,0.00330652,0.99337191,15.96144452,4.54796623,0.01016921,0.18084705
0.05,1000,1,6.084,16.23105647,4.11411195,0.01509688,0.8661104,15.11269788,3.69563966,0.00887318,0.26564744
0.05,1000,2,6.7681,15.29290301,3.85770458,0.01392986,0.88114071,16.19233878,4.70804775,0.01039866,0.15697631
0.05,1000,3,9.785,13.06947472,3.53842795,0.01147357,0.91319005,21.38617194,5.40704346,0.01142233,-0.47057346
0.05,1000,4,8.6481,10.41430542,3.1495255,0.00906604,0.94487941,27.40749035,6.26296528,0.01269438,-1.41523367
0.05,1000,5,12.6025,7.95878777,2.70898174,0.00692332,0.96780806,27.88966707,6.16867065,0.01255605,-1.50096304
0.05,1000,6,16.1051,5.73745013,2.22707342,0.0050879,0.98327019,31.18740814,7.68872111,0.01485429,-2.1273694
0.05,1000,7,16.7835,3.92657701,1.70742186,0.00363083,0.99216423,17.85268914,5.47887477,0.0115292,-0.02477353
0.05,1000,8,27.3321,2.6951655,1.24609618,0.00249371,0.99630832,16.590261,4.52358838,0.01011998,0.11503305
0.05,1000,9,32.6044,1.75950116,0.85284163,0.0016441,0.99842662,16.20348358,5.01221167,0.01087865,0.15581545
0.05,2000,1,9.9474,16.17554786,4.10198434,0.01506556,0.86702461,15.13778855,3.84948734,0.00910869,0.26320701
0.05,2000,2,16.7782,14.62824514,3.8082882,0.01325634,0.89124788,23.22776837,6.1547048,0.01255567,-0.73474477
0.05,2000,3,15.9736,11.46462342,3.343635,0.00993977,0.93320056,31.21122304,7.10696734,0.01397183,-2.13214738
0.05,2000,4,18.9745,8.24003608,2.82265372,0.00728294,0.96549266,33.53396391,10.27854826,0.01874944,-2.61568343
0.05,2000,5,17.3213,5.5754894,2.22980525,0.00488845,0.98420138,30.11581321,7.15536793,0.01405493,-1.91614963
0.05,2000,6,24.2558,3.44098758,1.58684501,0.00321972,0.99398245,32.08679818,8.51879763,0.0161102,-2.31034593
0.05,2000,7,32.5556,2.02275929,1.01515423,0.0019153,0.99792058,18.10063957,5.76173889,0.0119643,-0.05343673
0.05,2000,8,44.1477,1.06466289,0.55899856,0.00101698,0.99942393,16.75907997,4.9036854,0.01070529,0.09693095
0.05,2000,9,67.362,0.50914857,0.27657582,0.00048896,0.99986825,16.28628222,5.17857258,0.01113221,0.14716596
0.05,3000,1,17.3497,16.14416554,4.09220712,0.01501177,0.86754009,15.14661647,3.85738463,0.00912165,0.26234741
0.05,3000,2,19.3317,14.19541439,3.77340138,0.01275646,0.89758834,30.86945375,7.42645607,0.01445391,-2.06392763
0.05,3000,3,27.7547,10.42471103,3.19618424,0.00909851,0.9447692,35.3547607,7.96241721,0.01526069,-3.01898531
0.05,3000,4,26.9516,6.89962455,2.56114845,0.00615917,0.97580619,34.54483589,10.67892854,0.01935106,-2.83695656
0.05,3000,5,34.8416,4.24995726,1.85500226,0.00384554,0.99082043,30.2365794,7.4460767,0.01449254,-1.93958439
0.05,3000,6,36.2722,2.33119757,1.1642046,0.00220179,0.99723808,31.95379639,8.75264482,0.01646555,-2.28295962
0.05,3000,7,51.2597,1.16697106,0.62299123,0.00112397,0.99930789,18.25344344,5.99809033,0.01232445,-0.07129783
0.05,3000,8,75.3365,0.49014433,0.27188352,0.00047863,0.9998779,16.79166807,4.95475957,0.01078501,0.09341549
0.05,3000,9,104.3587,0.17847421,0.10271799,0.00017713,0.99998381,16.29731254,5.21865633,0.01119222,0.14601036
0.1,50,1,0.5364,17.79296543,6.2443606,0.0189305,0.83910227,15.42124945,4.74965335,0.0104582,0.2353552
0.1,50,2,0.6393,16.48463353,4.40621764,0.01569121,0.86189422,15.07504485,3.57440534,0.00868781,0.26930213
0.1,50,3,0.8143,16.11536974,4.11929862,0.01507811,0.86801219,14.95328521,3.31470542,0.00829159,0.28105801
0.1,50,4,1.0582,15.17732613,3.85191214,0.01393199,0.88293049,14.85064382,2.97132515,0.00776965,0.29089397
0.1,50,5,0.8138,13.90976897,3.60063634,0.01210451,0.9016684,15.0467752,2.65581306,0.00728414,0.27204006
0.1,50,6,1.2703,12.39083471,3.32631459,0.01052336,0.9219713,14.87413247,2.44456779,0.00696215,0.28864907
0.1,50,7,1.294,10.68276259,3.00335205,0.00930796,0.94200101,15.07536373,2.57125834,0.00714579,0.26927122
0.1,50,8,1.7009,9.54911552,2.77015445,0.00829302,0.95365749,15.25528531,3.17279227,0.00805678,0.25172492
0.1,50,9,2.3935,8.16775976,2.49948291,0.0072447,0.96609536,15.52013697,2.77364556,0.00744883,0.22551731
0.1,100,1,0.6403,16.6213239,4.51951973,0.01593341,0.85959438,15.22706835,3.73935783,0.00893612,0.25449045
0.1,100,2,0.7133,16.11353979,4.1320058,0.01497017,0.86804217,15.01817058,3.41638716,0.0084508,0.2748052
0.1,100,3,0.8675,15.48654863,3.91705411,0.01408732,0.87811155,15.13906641,3.45341611,0.00849977,0.26308261
0.1,100,4,1.1216,14.20866658,3.67690734,0.01263125,0.89739704,16.04701267,3.63713347,0.00876885,0.17204067
0.1,100,5,1.3485,12.59999372,3.41511388,0.0107272,0.91931479,15.66739922,3.09744481,0.00794902,0.21075029
0.1,100,6,1.2329,10.87039971,3.13150964,0.00928696,0.93994568,17.54420989,3.75779714,0.00892952,0.01033493
0.1,100,7,1.7384,9.00853008,2.76650405,0.00783968,0.95875597,17.72982237,6.25923447,0.01277814,-0.01071656
0.1,100,8,1.9638,7.94439571,2.49101794,0.00695023,0.96792438,16.03229524,3.68217543,0.00883005,0.17355869
0.1,100,9,2.492,6.32982102,2.18055811,0.00566368,0.97963726,15.95277774,3.25917917,0.00818914,0.18173638
0.1,200,1,0.8013,16.38378154,4.2565681,0.01540414,0.8635789,15.17573023,3.73615714,0.008936,0.25950896
0.1,200,2,0.9541,15.78118404,4.0128236,0.01450693,0.87342952,15.54478214,4.07924572,0.00944929,0.22305568
0.1,200,3,4.0452,14.55717943,3.79341041,0.01321947,0.89230198,16.49437803,4.185195,0.00960245,0.12523278
0.1,200,4,1.8625,12.90349353,3.50764878,0.0113696,0.915381,22.97582334,4.94167154,0.01072679,-0.6973163
0.1,200,5,2.9665,10.96916608,3.21260833,0.00942913,0.93884943,28.17480069,6.29832303,0.01277069,-1.55236229
0.1,200,6,2.5302,9.16299511,2.88459885,0.00794182,0.95732946,23.06661943,5.41417563,0.01143353,-0.71075775
0.1,200,7,3.6255,7.09477677,2.47925942,0.00633922,0.97441822,19.33730638,7.15219338,0.01413396,-0.20229923
0.1,200,8,4.0312,5.70319214,2.15514922,0.00514839,0.98346938,16.94687479,4.48396707,0.01005687,0.07657877
0.1,200,9,5.075,4.29934701,1.75603712,0.00387832,0.99060583,17.42471205,4.11770801,0.00948628,0.02377071
0.1,500,1,1.7661,16.27073269,4.15105577,0.01519203,0.86545503,15.20531985,3.88911738,0.00916657,0.25661852
0.1,500,2,2.3645,15.22503943,3.87951806,0.01388485,0.88219327,21.89029965,5.57732475,0.01168415,-0.54072109
0.1,500,3,2.8784,13.11372982,3.58771418,0.01162874,0.91260115,21.65023765,5.28702182,0.01123635,-0.50711346
0.1,500,4,6.4769,10.30643477,3.1887019,0.00898525,0.94601536,31.23323232,6.74127388,0.0134281,-2.13656634
0.1,500,5,5.7055,7.93108533,2.7846179,0.00700066,0.96803178,37.00395248,8.13621057,0.01553725,-3.40267719
0.1,500,6,5.4596,5.83409417,2.31458524,0.00531194,0.98270183,26.94060399,7.11369943,0.01401771,-1.33364758
0.1,500,7,6.3795,4.09012373,1.79350532,0.00376791,0.9914979,20.37851572,7.71473742,0.01498711,-0.33525961
0.1,500,8,8.4968,2.86630149,1.34903145,0.00266716,0.99582461,17.92562257,5.44226532,0.0115099,-0.03316363
0.1,500,9,16.7282,1.88276707,0.92236726,0.00174809,0.99819845,18.02508723,4.90077561,0.01068055,-0.04466096
0.1,1000,1,4.1627,16.20725977,4.14190959,0.01512614,0.86650271,15.22619053,4.05815978,0.00942489,0.25457641
0.1,1000,2,5.7257,14.63419034,3.81479891,0.01331043,0.89115947,27.08858792,6.29059046,0.01274836,-1.3593553
0.1,1000,3,5.3565,11.57065584,3.3919932,0.01012848,0.93195923,29.43985958,6.50918318,0.01305039,-1.78671197
0.1,1000,4,6.4009,8.09240732,2.84499752,0.00721993,0.96671805,36.15881078,8.2679593,0.01573318,-3.20386626
0.1,1000,5,11.5058,5.54848994,2.25956136,0.0050941,0.98435402,38.15817784,8.75507679,0.01647665,-3.68161687
0.1,1000,6,9.9868,3.62407832,1.69736256,0.00338935,0.99332504,27.69110324,7.71136932,0.01492418,-1.465478
0.1,1000,7,17.1997,2.07468437,1.06383865,0.00201886,0.99781245,20.72627242,8.37025039,0.01597486,-0.38122051
0.1,1000,8,19.5424,1.18153758,0.63636825,0.00114695,0.99929051,18.18675826,5.84703416,0.0121251,-0.06348459
0.1,1000,9,30.2515,0.57348925,0.31838518,0.00056194,0.99983285,18.11076671,5.09706597,0.0109784,-0.05461583
0.1,2000,1,8.384,16.1472793,4.13544547,0.01512284,0.86748899,15.21123315,3.94346072,0.00925381,0.25604021
0.1,2000,2,13.7054,13.84877934,3.75547722,0.01247919,0.90252881,34.56371129,7.20676021,0.01411243,-2.84115075
0.1,2000,3,13.9322,9.76898451,3.1810422,0.00857814,0.95149884,34.77744133,7.80166916,0.01500162,-2.88880232
0.1,2000,4,15.9527,6.01385738,2.43177743,0.00530474,0.98161941,39.71892358,9.56099913,0.01769198,-4.07242407
0.1,2000,5,19.101,3.43842672,1.64146209,0.00322383,0.99399141,39.05762106,9.56419629,0.0177187,-3.90492295
0.1,2000,6,26.2748,1.78697818,0.95906641,0.00174899,0.9983771,28.28439157,8.24090767,0.01573851,-1.57225664
0.1,2000,7,34.8534,0.79499882,0.44729614,0.00078486,0.99967879,20.95310697,8.65332711,0.01641047,-0.41161893
0.1,2000,8,47.67,0.29536279,0.17363403,0.00029889,0.99995566,18.33033328,6.13738669,0.01256962,-0.08034219
0.1,2000,9,69.6199,0.08276628,0.05109673,8.589e-05,0.99999652,18.11426226,5.14959027,0.01105928,-0.05502297
0.1,3000,1,16.5643,16.1118995,4.14284583,0.01509787,0.86806903,15.22907532,3.93872197,0.00924872,0.25429392
0.1,3000,2,24.5855,13.37829064,3.71024814,0.01193787,0.90903915,36.79080053,8.21512162,0.01563928,-3.35210224
0.1,3000,3,21.1178,8.74977869,3.02639786,0.00784212,0.96109124,38.05671505,9.3363034,0.01732363,-3.65675309
0.1,3000,4,26.4469,4.90756059,2.11655382,0.00435867,0.98775991,40.30755908,9.80793131,0.01806651,-4.22388506
0.1,3000,5,38.8198,2.44795671,1.24034457,0.00230921,0.99695449,39.33010145,9.89986444,0.01822994,-3.97359878
0.1,3000,6,44.6575,1.05730336,0.58943142,0.00104572,0.99943186,28.21964712,8.33310037,0.01588083,-1.56049405
0.1,3000,7,64.2558,0.36191094,0.21285407,0.00036608,0.99993343,20.95021485,8.65377016,0.01641278,-0.41122927
0.1,3000,8,89.4157,0.0957348,0.05886519,9.878e-05,0.99999534,18.34189404,6.14801841,0.01258774,-0.08170534
0.1,3000,9,114.0011,0.0177547,0.01100847,1.809e-05,0.99999984,18.11679248,5.15453965,0.01106725,-0.05531773
0.2,50,1,0.4429,16.79453662,5.03360653,0.01677371,0.85665277,15.21596421,3.90772099,0.00919559,0.25557736
0.2,50,2,0.466,16.24629241,4.37524056,0.0154487,0.86585892,15.141717,3.68380986,0.00885207,0.26282455
0.2,50,3,0.6861,15.56751645,3.96005485,0.01427779,0.87683369,15.04322846,3.41137811,0.00843751,0.2723832
0.2,50,4,0.6647,14.47499765,3.69324083,0.01249821,0.89351455,14.94588276,2.81279357,0.00752909,0.28176964
0.2,50,5,0.7188,13.0114939,3.50328929,0.01126958,0.91395858,19.55341671,4.47992087,0.01003021,-0.22932277
0.2,50,6,0.8693,11.22282519,3.22469319,0.00950794,0.93598855,17.73491244,3.86811812,0.00910522,-0.01129698
0.2,50,7,0.972,9.30342428,2.89471875,0.00800459,0.95601152,18.43794024,4.51941403,0.01010662,-0.09306357
0.2,50,8,1.5315,8.24815791,2.60602703,0.00713991,0.9654246,17.17385652,3.645903,0.00877276,0.05167702
0.2,50,9,1.556,7.1954373,2.32492467,0.00618911,0.97368716,18.55765042,4.27179158,0.00972276,-0.1073033
0.2,100,1,0.6518,16.53640794,4.70170904,0.01603073,0.86102534,15.15389353,3.72723399,0.00892381,0.26163844
0.2,100,2,0.7993,15.89028882,4.15175234,0.01468922,0.87167335,15.09901776,3.42259083,0.00845563,0.26697632
0.2,100,3,3.7171,14.55329817,3.83111179,0.01313137,0.8923594,19.07263542,5.17111001,0.01109365,-0.16961257
0.2,100,4,1.2218,13.01542719,3.55597884,0.01132446,0.91390655,18.72982614,4.02314927,0.00932362,-0.12794547
0.2,100,5,1.1707,11.31363005,3.32382499,0.00983415,0.93494852,22.05638279,5.15578007,0.01105303,-0.56418888
0.2,100,6,1.6745,9.27740316,2.98425385,0.00823557,0.95625725,22.8737645,5.32236549,0.01130369,-0.68227079
0.2,100,7,1.7319,7.25488593,2.58564946,0.00626853,0.97325058,18.20594138,4.82113603,0.01057288,-0.06572927
0.2,100,8,2.3376,5.97896888,2.29695589,0.00541286,0.98183205,18.71952297,4.74278474,0.01043982,-0.12670486
0.2,100,9,2.9687,4.75869261,1.89333673,0.00431469,0.98849124,19.86318685,5.09315122,0.01097111,-0.26858178
0.2,200,1,1.063,16.41572722,4.55941413,0.0158437,0.86304638,15.18079228,3.84359492,0.00909874,0.25901488
0.2,200,2,2.2977,15.50560233,4.08309366,0.01434784,0.87781144,15.17616067,4.50854909,0.01010692,0.25946695
0.2,200,3,1.5295,13.56001044,3.7100423,0.01189905,0.90655129,21.33411646,5.50227571,0.01158319,-0.46342321
0.2,200,4,1.7519,11.09444624,3.37907289,0.00977156,0.93744464,23.64631833,4.96486734,0.01073331,-0.79782609
0.2,200,5,2.1671,8.79835945,3.00791343,0.00784047,0.96065798,37.84445922,7.94073261,0.01522266,-3.60495321
0.2,200,6,2.6261,6.84758858,2.57667128,0.00606167,0.97616975,23.14539954,5.55445864,0.01166384,-0.7224633
0.2,200,7,3.202,5.00757156,2.10208498,0.00457327,0.98725595,20.96482169,5.77178412,0.01201239,-0.41319782
0.2,200,8,7.1442,3.73048612,1.6868108,0.00350441,0.99292732,20.26716656,5.83533616,0.01210324,-0.32070763
0.2,200,9,5.4393,2.66437137,1.27977152,0.00254219,0.9963922,20.90803117,5.82269062,0.01210124,-0.40555192
0.2,500,1,2.4308,16.28844289,4.39823704,0.01557846,0.86516197,15.19476012,3.9722063,0.00929145,0.25765069
0.2,500,2,2.8457,14.73387988,3.97614768,0.01345576,0.88967155,17.21786458,5.3097498,0.01130406,0.04681063
0.2,500,3,3.6869,11.53575047,3.47423209,0.01009125,0.93236913,29.36901921,6.51749948,0.01306594,-1.77331692
0.2,500,4,4.089,8.35576143,2.99503867,0.00748486,0.96451659,34.34724717,7.87568236,0.01512429,-2.79318902
0.2,500,5,4.9261,5.61237864,2.40469632,0.0051996,0.98399163,39.47415212,9.17458879,0.01709874,-4.01009816
0.2,500,6,8.9037,3.73131953,1.78388145,0.00353973,0.99292416,24.21158794,6.28463093,0.012778,-0.8848082
0.2,500,7,7.7448,2.25275287,1.18373479,0.00218609,0.99742083,21.24980006,6.5066431,0.01312721,-0.45187862
0.2,500,8,12.4866,1.32797242,0.72421128,0.00130084,0.99910375,20.78427312,6.33823209,0.01287437,-0.38896178
0.2,500,9,18.6127,0.6414161,0.36720643,0.00064693,0.99979091,21.28419237,6.23750682,0.01274429,-0.45658209
0.2,1000,1,4.6383,16.21874087,4.36777053,0.01544678,0.86631351,15.21748061,3.99275136,0.00932572,0.25542898
0.2,1000,2,6.1085,13.92986123,3.85789692,0.0125504,0.90138412,22.36516932,6.19038627,0.01261387,-0.60829235
0.2,1000,3,7.9416,9.81322262,3.27914273,0.00871958,0.95105858,36.36545795,8.16981785,0.01554593,-3.25205366
0.2,1000,4,11.094,6.21388574,2.57890893,0.00579812,0.98037635,40.59958236,15.34587901,0.02648729,-4.29985205
0.2,1000,5,11.9158,3.53398119,1.74645552,0.00337197,0.99365281,39.85332819,9.85806802,0.01811252,-4.10681124
0.2,1000,6,11.9017,1.89791527,1.05246233,0.00191475,0.99816934,24.84373451,7.52013863,0.01466579,-0.98451494
0.2,1000,7,21.5741,0.88352177,0.51489593,0.00090164,0.99960328,21.42933051,6.9132885,0.01376291,-0.47651485
0.2,1000,8,26.4198,0.34411232,0.20707056,0.00035374,0.99993982,20.84983149,6.41044699,0.01298304,-0.39773781
0.2,1000,9,37.732,0.1007375,0.06329696,0.00010518,0.99999484,21.3263402,6.30138324,0.01284119,-0.46235657
0.2,2000,1,9.9342,16.15101414,4.34336446,0.01542576,0.86742768,15.22667155,3.88126416,0.00916065,0.25452931
0.2,2000,2,12.7784,13.05425532,3.78316075,0.01170942,0.91339211,33.80360349,7.78247849,0.01498074,-2.67406311
0.2,2000,3,17.2406,8.15743585,3.04034985,0.00754311,0.96618101,47.5910087,15.37213328,0.02640144,-6.28233132
0.2,2000,4,17.7873,4.32707255,2.02777647,0.00400489,0.99048428,42.25289228,16.05160666,0.02757959,-4.74028558
0.2,2000,5,21.954,1.94051312,1.07589595,0.00191714,0.99808624,39.90609588,11.20307581,0.0201693,-4.12034351
0.2,2000,6,28.5596,0.7608932,0.44899216,0.00077567,0.99970576,25.09285378,8.13934825,0.01562787,-1.02451373
0.2,2000,7,40.7254,0.22277769,0.13732834,0.00022957,0.99997478,21.44321163,7.01845245,0.0139237,-0.47842834
0.2,2000,8,56.8912,0.04689123,0.02961344,4.941e-05,0.99999888,20.83980991,6.40892297,0.01298111,-0.39639447
0.2,2000,9,83.5119,0.00614709,0.00379872,6.25e-06,0.99999998,21.32364372,6.29871696,0.01283719,-0.46198679
0.2,3000,1,14.8836,16.11251305,4.33068808,0.01539411,0.86805898,15.25091997,3.9931699,0.00933101,0.2521531
0.2,3000,2,19.0498,12.5328598,3.74768046,0.01117677,0.9201723,42.00417243,9.84301884,0.01808062,-4.67290459
0.2,3000,3,26.534,7.24049751,2.85712873,0.00686714,0.97335657,47.98926793,16.40655233,0.0280081,-6.40472381
0.2,3000,4,22.5167,3.40240909,1.65460862,0.00316068,0.99411663,42.81954168,16.3443615,0.02802865,-4.8952828
0.2,3000,5,32.3043,1.25880395,0.71995772,0.00125601,0.99919468,40.06959393,11.48573965,0.02060902,-4.16238627
0.2,3000,6,43.1711,0.37639158,0.22873558,0.00039002,0.999928,25.05867723,8.20844725,0.01574033,-1.01900269
0.2,3000,7,59.4696,0.07729539,0.04844763,7.978e-05,0.99999696,21.45767271,7.05777624,0.01398521,-0.48042308
0.2,3000,8,90.6515,0.01011074,0.00621861,1.027e-05,0.99999995,20.84200962,6.417381,0.01299375,-0.39668928
0.2,3000,9,127.8136,0.00126424,0.00094962,1.55e-06,1.0,21.32373646,6.29875108,0.01283726,-0.46199951
