Tree,Node,ID,Feature,Split,Yes,No,Missing,Gain,Cover,Category
0,0,0-0,manggarai_air_lag1,635.0,0-1,0-2,0-2,28663008.0,27231.0,
0,1,0-1,manggarai_air_lag1,595.0,0-3,0-4,0-4,3658178.0,14432.0,
0,2,0-2,manggarai_air_lag1,694.0,0-5,0-6,0-6,7356939.0,12799.0,
0,3,0-3,manggarai_air_lag4,575.0,0-7,0-8,0-8,668690.0,5187.0,
0,4,0-4,manggarai_air_lag1,615.0,0-9,0-10,0-10,884815.5,9245.0,
0,5,0-5,manggarai_air_lag1,665.0,0-11,0-12,0-12,1621591.5,10999.0,
0,6,0-6,manggarai_air_lag1,745.0,0-13,0-14,0-14,1234806.0,1800.0,
0,7,0-7,manggarai_air_lag3,592.5,0-15,0-16,0-16,37159.0,1745.0,
0,8,0-8,manggarai_air_lag2,625.0,0-17,0-18,0-18,144155.0,3442.0,
0,9,0-9,manggarai_air_lag1,605.0,0-19,0-20,0-20,109512.0,5237.0,
0,10,0-10,manggarai_air_lag1,625.0,0-21,0-22,0-22,95863.2188,4008.0,
0,11,0-11,manggarai_air_lag1,650.0,0-23,0-24,0-24,275878.0,8378.0,
0,12,0-12,manggarai_air_lag1,680.0,0-25,0-26,0-26,98950.5,2621.0,
0,13,0-13,manggarai_air_lag1,725.0,0-27,0-28,0-28,185278.5,1338.0,
0,14,0-14,manggarai_air_lag1,790.0,0-29,0-30,0-30,173339.0,462.0,
0,15,0-15,manggarai_air_lag1,565.0,0-31,0-32,0-32,35639.0,1742.0,
0,16,0-16,time_index,157.0,0-33,0-34,0-34,77885.0547,3.0,
0,17,0-17,manggarai_air_lag20,20.0,0-35,0-36,0-36,87121.0,3418.0,
0,18,0-18,depok_air_lag8,106.0,0-37,0-38,0-38,9188.13086,24.0,
0,19,0-19,depok_air_lag7,150.0,0-39,0-40,0-40,14335.0,3395.0,
0,20,0-20,depok_air_lag8,155.0,0-41,0-42,0-42,21656.8125,1842.0,
0,21,0-21,manggarai_air_lag4,570.0,0-43,0-44,0-44,81829.125,2249.0,
0,22,0-22,depok_air_lag3,80.0,0-45,0-46,0-46,22716.9824,1759.0,
0,23,0-23,manggarai_air_lag1,645.0,0-47,0-48,0-48,21577.875,3203.0,
0,24,0-24,manggarai_air_lag1,651.0,0-49,0-50,0-50,76550.5,5175.0,
0,25,0-25,depok_air_lag7,160.0,0-51,0-52,0-52,28278.625,1185.0,
0,26,0-26,depok_air_lag7,137.5,0-53,0-54,0-54,34691.25,1436.0,
0,27,0-27,depok_air_lag7,145.0,0-55,0-56,0-56,47817.5,1030.0,
0,28,0-28,depok_air_lag7,155.0,0-57,0-58,0-58,9770.5,308.0,
0,29,0-29,depok_air_lag7,155.0,0-59,0-60,0-60,26459.0,342.0,
0,30,0-30,manggarai_air_lag2,715.0,0-61,0-62,0-62,8250.0,120.0,
0,31,0-31,manggarai_air_lag1,20.0,0-63,0-64,0-64,4888.5,1451.0,
0,32,0-32,depok_air_lag9,125.0,0-65,0-66,0-66,14370.1875,291.0,
0,33,0-33,Leaf,,,,,-30.9867039,1.0,
0,34,0-34,time_index,2013.0,0-67,0-68,0-68,105.295166,2.0,
0,35,0-35,time_index,289.0,0-69,0-70,0-70,46074.25,2.0,
0,36,0-36,manggarai_air_lag1,585.0,0-71,0-72,0-72,73562.0,3416.0,
0,37,0-37,depok_air_lag14,74.0,0-73,0-74,0-74,992.479614,12.0,
0,38,0-38,dayofyear_cos,0.652345598,0-75,0-76,0-76,8.375,12.0,
0,39,0-39,manggarai_air_lag1,598.0,0-77,0-78,0-78,11690.75,3382.0,
0,40,0-40,hour_sin,0.965925813,0-79,0-80,0-80,4321.0542,13.0,
0,41,0-41,manggarai_air_lag1,607.5,0-81,0-82,0-82,10244.125,1835.0,
0,42,0-42,depok_air_lag23,85.0,0-83,0-84,0-84,3278.33154,7.0,
0,43,0-43,time_index,289.0,0-85,0-86,0-86,96182.4062,3.0,
0,44,0-44,depok_air_lag24,195.0,0-87,0-88,0-88,30557.7812,2246.0,
0,45,0-45,depok_air_lag10,102.5,0-89,0-90,0-90,137662.844,15.0,
0,46,0-46,depok_air_lag7,111.0,0-91,0-92,0-92,15013.1465,1744.0,
0,47,0-47,depok_air_lag7,130.0,0-93,0-94,0-94,9959.95312,2583.0,
0,48,0-48,depok_air_lag7,130.0,0-95,0-96,0-96,8059.26562,620.0,
0,49,0-49,depok_air_lag8,170.0,0-97,0-98,0-98,14722.5,3694.0,
0,50,0-50,depok_air_lag23,190.0,0-99,0-100,0-100,23753.0,1481.0,
0,51,0-51,manggarai_air_lag3,658.0,0-101,0-102,0-102,8007.625,1150.0,
0,52,0-52,depok_air_lag24,135.0,0-103,0-104,0-104,688.671875,35.0,
0,53,0-53,depok_air_lag24,96.0,0-105,0-106,0-106,3405.25,1269.0,
0,54,0-54,manggarai_air_lag3,650.0,0-107,0-108,0-108,7239.3125,167.0,
0,55,0-55,katulampa_air_lag19,90.0,0-109,0-110,0-110,32005.25,792.0,
0,56,0-56,manggarai_air_lag1,705.0,0-111,0-112,0-112,490.125,238.0,
0,57,0-57,manggarai_air_lag20,815.0,0-113,0-114,0-114,672.875,210.0,
0,58,0-58,Leaf,,,,,11.1273346,98.0,
0,59,0-59,Leaf,,,,,11.5264502,184.0,
0,60,0-60,Leaf,,,,,13.7496967,158.0,
0,61,0-61,Leaf,,,,,6.01772881,2.0,
0,62,0-62,Leaf,,,,,17.3667049,118.0,
0,63,0-63,Leaf,,,,,0.0132965092,1.0,
0,64,0-64,depok_air_lag9,125.0,0-115,0-116,0-116,108.5,1450.0,
0,65,0-65,manggarai_air_lag1,580.0,0-117,0-118,0-118,4063.8125,287.0,
0,66,0-66,hour_sin,0.965925813,0-119,0-120,0-120,999.383606,4.0,
0,67,0-67,Leaf,,,,,-2.48670363,1.0,
0,68,0-68,Leaf,,,,,-0.486703485,1.0,
0,69,0-69,Leaf,,,,,-30.4867039,1.0,
0,70,0-70,Leaf,,,,,-1.98670352,1.0,
0,71,0-71,manggarai_air_lag2,602.5,0-121,0-122,0-122,9083.0,1205.0,
0,72,0-72,manggarai_cuaca_lag1_hujan,1.0,0-123,0-124,0-124,7357.5,2211.0,
0,73,0-73,Leaf,,,,,-0.648938,2.0,
0,74,0-74,katulampa_air_lag14,15.0,0-125,0-126,0-126,632.57959,10.0,
0,75,0-75,Leaf,,,,,5.27437735,11.0,
0,76,0-76,Leaf,,,,,1.51329648,1.0,
0,77,0-77,depok_air_lag8,120.0,0-127,0-128,0-128,2926.4375,762.0,
0,78,0-78,time_index,26957.0,0-129,0-130,0-130,8099.25,2620.0,
0,79,0-79,manggarai_air_lag21,607.5,0-131,0-132,0-132,1276.61462,9.0,
0,80,0-80,Leaf,,,,,-2.17872572,4.0,
0,81,0-81,depok_air_lag7,111.0,0-133,0-134,0-134,1160.1875,645.0,
0,82,0-82,manggarai_cuaca_lag1_hujan,1.0,0-135,0-136,0-136,5636.8125,1190.0,
0,83,0-83,time_index,6797.0,0-137,0-138,0-138,746.631836,4.0,
0,84,0-84,time_index,23375.0,0-139,0-140,0-140,791.105103,3.0,
0,85,0-85,Leaf,,,,,-30.9867039,1.0,
0,86,0-86,time_index,13301.0,0-141,0-142,0-142,99.9764252,2.0,
0,87,0-87,depok_air_lag7,135.0,0-143,0-144,0-144,23095.3438,2240.0,
0,88,0-88,manggarai_air_lag5,625.0,0-145,0-146,0-146,78215.7656,6.0,
0,89,0-89,hour_cos,-1.83697015e-16,0-147,0-148,0-148,262.429932,14.0,
0,90,0-90,Leaf,,,,,-28.4867039,1.0,
0,91,0-91,manggarai_air_lag2,607.5,0-149,0-150,0-150,13907.8594,1641.0,
0,92,0-92,depok_air_lag7,135.0,0-151,0-152,0-152,3182.92871,103.0,
0,93,0-93,manggarai_air_lag1,640.0,0-153,0-154,0-154,9320.45312,2492.0,
0,94,0-94,depok_air_lag3,205.0,0-155,0-156,0-156,8061.60156,91.0,
0,95,0-95,manggarai_air_lag6,520.0,0-157,0-158,0-158,5400.875,590.0,
0,96,0-96,depok_air_lag7,137.5,0-159,0-160,0-160,528.529297,30.0,
0,97,0-97,depok_air_lag7,137.5,0-161,0-162,0-162,8147.0,3684.0,
0,98,0-98,hour_sin,1.22464685e-16,0-163,0-164,0-164,167328.203,10.0,
0,99,0-99,depok_air_lag7,137.5,0-165,0-166,0-166,14728.125,1467.0,
0,100,0-100,hour_sin,0.0,0-167,0-168,0-168,144274.375,14.0,
0,101,0-101,depok_air_lag7,96.0,0-169,0-170,0-170,2512.28125,178.0,
0,102,0-102,manggarai_air_lag1,670.0,0-171,0-172,0-172,7836.25,972.0,
0,103,0-103,Leaf,,,,,7.42552948,24.0,
0,104,0-104,Leaf,,,,,4.89937735,11.0,
0,105,0-105,depok_air_lag7,135.0,0-173,0-174,0-174,22663.1562,174.0,
0,106,0-106,manggarai_air_lag1,690.0,0-175,0-176,0-176,4027.5,1095.0,
0,107,0-107,Leaf,,,,,8.05092907,39.0,
0,108,0-108,Leaf,,,,,6.10390615,128.0,
0,109,0-109,manggarai_air_lag1,705.0,0-177,0-178,0-178,23955.25,764.0,
0,110,0-110,manggarai_air_lag20,705.0,0-179,0-180,0-180,116721.469,28.0,
0,111,0-111,Leaf,,,,,7.6312027,80.0,
0,112,0-112,Leaf,,,,,8.82202339,158.0,
0,113,0-113,Leaf,,,,,9.43718052,209.0,
0,114,0-114,Leaf,,,,,2.5132966,1.0,
0,115,0-115,Leaf,,,,,-6.9699769,1449.0,
0,116,0-116,Leaf,,,,,-1.98670352,1.0,
0,117,0-117,Leaf,,,,,-5.95115757,245.0,
0,118,0-118,Leaf,,,,,-4.53216505,42.0,
0,119,0-119,Leaf,,,,,-0.730055273,3.0,
0,120,0-120,Leaf,,,,,2.0132966,1.0,
0,121,0-121,Leaf,,,,,-5.06442928,1199.0,
0,122,0-122,Leaf,,,,,-0.977205932,6.0,
0,123,0-123,Leaf,,,,,-4.08984709,2163.0,
0,124,0-124,Leaf,,,,,-2.71884775,48.0,
0,125,0-125,Leaf,,,,,2.85106206,2.0,
0,126,0-126,Leaf,,,,,0.912527084,8.0,
0,127,0-127,Leaf,,,,,-3.43988967,759.0,
0,128,0-128,Leaf,,,,,-0.230055243,3.0,
0,129,0-129,Leaf,,,,,-2.97131634,2617.0,
0,130,0-130,Leaf,,,,,1.76994479,3.0,
0,131,0-131,Leaf,,,,,2.16565108,6.0,
0,132,0-132,Leaf,,,,,-0.230055243,3.0,
0,133,0-133,Leaf,,,,,-2.46198893,636.0,
0,134,0-134,Leaf,,,,,-1.12606633,9.0,
0,135,0-135,Leaf,,,,,-1.98570025,1140.0,
0,136,0-136,Leaf,,,,,-0.875889242,50.0,
0,137,0-137,Leaf,,,,,1.85106206,2.0,
0,138,0-138,Leaf,,,,,6.01772881,2.0,
0,139,0-139,Leaf,,,,,1.35106206,2.0,
0,140,0-140,Leaf,,,,,-1.23670352,1.0,
0,141,0-141,Leaf,,,,,0.513296545,1.0,
0,142,0-142,Leaf,,,,,-0.486703485,1.0,
0,143,0-143,Leaf,,,,,-1.16747689,2212.0,
0,144,0-144,Leaf,,,,,1.68084848,28.0,
0,145,0-145,Leaf,,,,,-24.4867039,1.0,
0,146,0-146,Leaf,,,,,-0.894505799,5.0,
0,147,0-147,Leaf,,,,,-1.10505521,3.0,
0,148,0-148,Leaf,,,,,-0.142289743,11.0,
0,149,0-149,Leaf,,,,,-2.92217517,18.0,
0,150,0-150,Leaf,,,,,-0.200332239,1623.0,
0,151,0-151,Leaf,,,,,0.585025489,67.0,
0,152,0-152,Leaf,,,,,1.75560403,36.0,
0,153,0-153,Leaf,,,,,0.412023157,344.0,
0,154,0-154,Leaf,,,,,0.974370301,2148.0,
0,155,0-155,Leaf,,,,,2.0812459,90.0,
0,156,0-156,Leaf,,,,,-4.4867034,1.0,
0,157,0-157,Leaf,,,,,-2.81560469,2.0,
0,158,0-158,Leaf,,,,,1.52654791,588.0,
0,159,0-159,Leaf,,,,,2.39993095,15.0,
0,160,0-160,Leaf,,,,,3.77493095,15.0,
0,161,0-161,Leaf,,,,,1.98812413,3613.0,
0,162,0-162,Leaf,,,,,3.0887239,71.0,
0,163,0-163,Leaf,,,,,-27.9867039,1.0,
0,164,0-164,Leaf,,,,,3.72393394,9.0,
0,165,0-165,Leaf,,,,,2.83058548,1420.0,
0,166,0-166,Leaf,,,,,4.66145563,47.0,
0,167,0-167,Leaf,,,,,2.4889791,13.0,
0,168,0-168,Leaf,,,,,-26.2367039,1.0,
0,169,0-169,Leaf,,,,,3.4829762,34.0,
0,170,0-170,Leaf,,,,,4.7539959,144.0,
0,171,0-171,Leaf,,,,,3.07529068,173.0,
0,172,0-172,Leaf,,,,,3.87905955,799.0,
0,173,0-173,Leaf,,,,,4.70500612,167.0,
0,174,0-174,Leaf,,,,,-0.976731122,7.0,
0,175,0-175,Leaf,,,,,4.97178984,879.0,
0,176,0-176,Leaf,,,,,5.58868265,216.0,
0,177,0-177,Leaf,,,,,6.25547028,379.0,
0,178,0-178,Leaf,,,,,7.47937393,385.0,
0,179,0-179,Leaf,,,,,4.82921505,27.0,
0,180,0-180,Leaf,,,,,-20.2867031,1.0,
