Model,Semua Variabel Signifikan,P-value Ljung Box,White Noise?,P-value Lillie Test,Distribusi Normal?,Training Time (s),RMSE Training,RMSE Testing,MAE Training,MAE Testing,MAPE Training,MAPE Testing,R² Training,R² Testing
"ARIMA(1, 0, 0)",Ya,0.0,Tidak,0.001,Tidak,3.62325478,21.15312819,30.32767111,5.60920671,25.51905072,0.01799416,4.18326733,0.77259372,-1.95732284
"ARIMA(2, 0, 0)",Ya,0.0,Tidak,0.001,Tidak,6.87261748,19.44228611,30.24958896,5.60874641,25.34738664,0.01787146,4.15688832,0.80789091,-1.94211449
"ARIMA(3, 0, 0)",Ya,0.0,Tidak,0.001,Tidak,5.1817944,19.34548307,30.22365299,5.66889503,25.29137395,0.01793999,4.14827718,0.80979917,-1.93707152
"ARIMA(4, 0, 0)",Tidak,0.0,Tidak,0.001,Tidak,6.49590898,19.34507039,30.22316726,5.66925643,25.29033974,0.01794008,4.14811826,0.80980728,-1.93697712
"ARIMA(5, 0, 0)",Tidak,0.0,Tidak,0.001,Tidak,5.57843113,19.34497104,30.22781941,5.67462263,25.30039162,0.01795093,4.14966371,0.80980923,-1.93788135
"ARIMA(6, 0, 0)",Tidak,0.0,Tidak,0.001,Tidak,8.01220465,19.34484942,30.22589336,5.67218514,25.29623867,0.01794656,4.14902507,0.80981163,-1.93750697
"ARIMA(7, 0, 0)",Tidak,0.0,Tidak,0.001,Tidak,7.53594851,19.34255754,30.21758448,5.66243652,25.27851746,0.01793035,4.14629983,0.80985669,-1.93589219
"ARIMA(8, 0, 0)",Tidak,0.0,Tidak,0.001,Tidak,12.74777222,19.33559996,30.2030818,5.6472773,25.24758254,0.01790548,4.14154239,0.80999345,-1.93307475
"ARIMA(9, 0, 0)",Tidak,0.0,Tidak,0.001,Tidak,11.18948579,19.32415015,30.18378963,5.62902879,25.20649232,0.01787423,4.13522446,0.81021842,-1.92932896
"ARIMA(10, 0, 0)",Tidak,0.0,Tidak,0.001,Tidak,14.72276711,19.31495222,30.16522145,5.61403753,25.16695874,0.01784832,4.12914667,0.81039904,-1.92572599
"ARIMA(11, 0, 0)",Tidak,0.118328,Ya,0.001,Tidak,17.76618981,19.30598078,30.14535437,5.60043984,25.12491541,0.01782459,4.12268389,0.81057513,-1.92187344
"ARIMA(12, 0, 0)",Tidak,0.555506,Ya,0.001,Tidak,21.21796584,19.29540135,30.12184821,5.58486427,25.07525767,0.01779841,4.11505201,0.81078268,-1.9173185
"ARIMA(13, 0, 0)",Tidak,0.510201,Ya,0.001,Tidak,20.63729072,19.28487264,30.09596254,5.56838038,25.02071631,0.01777166,4.10667188,0.81098912,-1.91230657
"ARIMA(14, 0, 0)",Tidak,0.470056,Ya,0.001,Tidak,26.74421763,19.27256335,30.06748955,5.55307494,24.96093,0.01774576,4.0974896,0.81123033,-1.90679866
"ARIMA(15, 0, 0)",Tidak,0.517033,Ya,0.001,Tidak,28.69926882,19.25902124,30.03409234,5.54158125,24.89060861,0.01772467,4.0866983,0.81149552,-1.90034484
"ARIMA(16, 0, 0)",Tidak,0.645319,Ya,0.001,Tidak,29.73686099,19.24848505,30.00157444,5.53185196,24.82225643,0.01770756,4.07621733,0.81170171,-1.89406784
"ARIMA(17, 0, 0)",Tidak,0.839896,Ya,0.001,Tidak,35.86090875,19.23454936,29.96156802,5.51946271,24.73838057,0.01768506,4.06336789,0.81197427,-1.88635464
"ARIMA(18, 0, 0)",Tidak,0.954688,Ya,0.001,Tidak,38.20913315,19.22464891,29.92507189,5.51033215,24.66199967,0.01766855,4.05167938,0.81216778,-1.87932719
"ARIMA(19, 0, 0)",Tidak,0.993527,Ya,0.001,Tidak,44.64602566,19.21620475,29.88934006,5.4997758,24.58736925,0.01764999,4.04027125,0.81233275,-1.87245522
"ARIMA(20, 0, 0)",Tidak,0.999902,Ya,0.001,Tidak,45.82961702,19.19774541,29.83964918,5.49179828,24.48292648,0.0176114,4.02433393,0.81269313,-1.86291227
"ARIMA(21, 0, 0)",Tidak,0.999892,Ya,0.001,Tidak,44.50373101,19.19770469,29.84046789,5.492077,24.48464002,0.01761171,4.02459515,0.81269392,-1.86306937
"ARIMA(22, 0, 0)",Tidak,0.999991,Ya,0.001,Tidak,58.8474009,19.19563221,29.82013543,5.49068713,24.44165052,0.01761056,4.01804608,0.81273436,-1.85916907
"ARIMA(23, 0, 0)",Tidak,1.0,Ya,0.001,Tidak,69.48843908,19.19296358,29.79726371,5.48822706,24.39339091,0.01760625,4.01070039,0.81278642,-1.85478485
"ARIMA(0, 0, 1)",Ya,0.0,Tidak,0.001,Tidak,14.96822357,31.2135716,30.44857356,20.76507153,25.74518193,0.04228441,4.21776276,0.50484612,-1.98094881
"ARIMA(0, 0, 2)",Ya,0.0,Tidak,0.001,Tidak,22.50867414,26.76298075,30.43742579,15.4670265,25.73212441,0.0338271,4.21581378,0.63598253,-1.97876645
"ARIMA(0, 0, 3)",Ya,0.0,Tidak,0.001,Tidak,30.4313767,24.50119732,30.43076956,12.73971386,25.72629077,0.02949633,4.21494317,0.69491007,-1.97746376
"ARIMA(0, 0, 4)",Ya,0.0,Tidak,0.001,Tidak,39.08567429,23.07956335,30.42454295,11.15089565,25.7196629,0.02695332,4.21395394,0.72928742,-1.97624542
"ARIMA(0, 0, 5)",Ya,0.0,Tidak,0.001,Tidak,44.15450764,22.12549068,30.41974557,10.1062155,25.71361681,0.02529869,4.21304333,0.75120647,-1.9753069
"ARIMA(0, 0, 6)",Ya,0.0,Tidak,0.001,Tidak,50.45866013,21.48537797,30.41518965,9.32999657,25.70630784,0.02404498,4.21194197,0.76539392,-1.97441575
"ARIMA(0, 0, 7)",Ya,0.0,Tidak,0.001,Tidak,61.34385467,21.04348099,30.40799614,8.76663646,25.69538398,0.02314361,4.21029787,0.77494513,-1.97300895
"ARIMA(0, 0, 8)",Ya,0.0,Tidak,0.001,Tidak,67.3393023,20.72665574,30.40469168,8.35361978,25.68956598,0.02245882,4.20940627,0.78167085,-1.97236283
"ARIMA(0, 0, 9)",Ya,0.0,Tidak,0.001,Tidak,79.75295019,20.49998317,30.40459076,8.02525526,25.68908078,0.02192119,4.20932997,0.78642015,-1.9723431
"ARIMA(0, 0, 10)",Ya,0.0,Tidak,0.001,Tidak,98.24758434,20.31744831,30.39978666,7.76166664,25.67935427,0.02149045,4.20786188,0.79020671,-1.97140388
"ARIMA(0, 0, 11)",Ya,0.0,Tidak,0.001,Tidak,100.47286654,20.17892198,30.39397694,7.55672578,25.66537924,0.02115796,4.20573358,0.79305774,-1.97026825
"ARIMA(0, 0, 12)",Ya,0.0,Tidak,0.001,Tidak,108.86078596,20.06141171,30.39055047,7.39505027,25.65676649,0.02088862,4.20440956,0.79546095,-1.96959858
"ARIMA(0, 0, 13)",Ya,0.0,Tidak,0.001,Tidak,143.24861622,19.96716895,30.38881819,7.25551606,25.65332823,0.02065419,4.20387699,0.79737816,-1.96926006
"ARIMA(0, 0, 14)",Ya,0.0,Tidak,0.001,Tidak,167.49415064,19.88867529,30.38740878,7.13701857,25.6510532,0.02045497,4.20353081,0.7989681,-1.96898464
"ARIMA(0, 0, 15)",Ya,0.0,Tidak,0.001,Tidak,155.73820543,19.81619263,30.38602143,7.01877468,25.64760452,0.02024896,4.20300495,0.80043072,-1.96871354
"ARIMA(0, 0, 16)",Ya,0.0,Tidak,0.001,Tidak,194.14087391,19.76550123,30.38555616,6.91712025,25.64548975,0.02006929,4.20267942,0.80145044,-1.96862263
"ARIMA(0, 0, 17)",Ya,0.0,Tidak,0.001,Tidak,217.49135971,19.72259357,30.38394079,6.81679164,25.64053301,0.01988592,4.20192442,0.80231154,-1.968307
"ARIMA(0, 0, 18)",Ya,0.0,Tidak,0.001,Tidak,238.32880139,19.70010793,30.38025563,6.73597765,25.63000481,0.01974453,4.20032276,0.80276205,-1.96758701
"ARIMA(0, 0, 19)",Ya,0.0,Tidak,0.001,Tidak,237.05471969,19.69163575,30.3773708,6.6852742,25.62255776,0.01968105,4.19918861,0.80293167,-1.96702345
"ARIMA(0, 0, 20)",Ya,0.0,Tidak,0.001,Tidak,301.8481226,19.64467843,30.37210283,6.62249634,25.60943305,0.01955597,4.19718358,0.80387042,-1.96599447
"ARIMA(0, 0, 21)",Ya,0.0,Tidak,0.001,Tidak,309.68553948,19.63277792,30.36918177,6.57420542,25.60319065,0.01947569,4.19622586,0.80410797,-1.96542399
"ARIMA(0, 0, 22)",Ya,0.0,Tidak,0.001,Tidak,389.10637498,19.62069468,30.36701405,6.53452476,25.59873158,0.01940898,4.19553624,0.80434902,-1.96500066
"ARIMA(0, 0, 23)",Ya,4e-06,Tidak,0.001,Tidak,341.78474212,19.60648459,30.36538487,6.50385949,25.59603939,0.01935612,4.19511114,0.80463232,-1.96468253
"ARIMA(0, 0, 24)",Ya,3.4e-05,Tidak,0.001,Tidak,452.67599344,19.59252537,30.36416471,6.47720078,25.59360466,0.01931062,4.19472346,0.80491041,-1.96444428
"ARIMA(0, 0, 25)",Ya,7.7e-05,Tidak,0.001,Tidak,446.44355917,19.57933094,30.36411445,6.45462987,25.59285733,0.01927032,4.19459207,0.80517309,-1.96443446
"ARIMA(0, 0, 26)",Ya,6.2e-05,Tidak,0.001,Tidak,525.58851075,19.55890303,30.36302585,6.43780394,25.58964491,0.01923592,4.19408889,0.80557941,-1.96422191
"ARIMA(0, 0, 27)",Ya,2e-05,Tidak,0.001,Tidak,556.78827143,19.54374517,30.35977977,6.42305929,25.5829651,0.0192137,4.19306634,0.80588064,-1.96358814
"ARIMA(0, 0, 28)",Ya,8e-06,Tidak,0.001,Tidak,592.12542605,19.52408433,30.35459898,6.40536774,25.57208772,0.01918389,4.19140514,0.80627101,-1.96257677
"ARIMA(0, 0, 29)",Ya,1.2e-05,Tidak,0.001,Tidak,713.94773293,19.5050198,30.34981421,6.38124337,25.56246828,0.01914477,4.18993607,0.80664917,-1.96164287
"ARIMA(0, 0, 30)",Ya,7.4e-05,Tidak,0.001,Tidak,813.58657026,19.48240721,30.34781881,6.35266178,25.56231035,0.01909783,4.18991033,0.80709722,-1.96125345
"ARIMA(0, 0, 31)",Ya,0.000634,Tidak,0.001,Tidak,783.72743964,19.45943852,30.34954214,6.32219642,25.57113967,0.01904491,4.19125861,0.80755179,-1.96158977
"ARIMA(1, 0, 0)",Ya,0.0,Tidak,0.001,Tidak,1.32871079,21.15312819,30.32767111,5.60920671,25.51905072,0.01799416,4.18326733,0.77259372,-1.95732284
"ARIMA(2, 0, 0)",Ya,0.0,Tidak,0.001,Tidak,1.23974109,19.44228611,30.24958896,5.60874641,25.34738664,0.01787146,4.15688832,0.80789091,-1.94211449
"ARIMA(3, 0, 0)",Ya,0.0,Tidak,0.001,Tidak,1.469239,19.34548307,30.22365299,5.66889503,25.29137395,0.01793999,4.14827718,0.80979917,-1.93707152
"ARIMA(4, 0, 0)",Tidak,0.0,Tidak,0.001,Tidak,3.08237267,19.34507039,30.22316726,5.66925643,25.29033974,0.01794008,4.14811826,0.80980728,-1.93697712
"ARIMA(1, 0, 1)",Ya,0.0,Tidak,0.001,Tidak,6.82563162,19.37230603,30.20458289,5.67270284,25.25035944,0.01793349,4.1419732,0.80927136,-1.93336631
"SARIMA(1, 0, 1)x(1, 0, 0, 24)",Ya,0.0,Tidak,0.001,Tidak,30.36087441,19.76879759,119.18357314,5.01965771,99.93176713,0.01678828,15.46291619,0.80138421,-44.67235621
"SARIMA(1, 0, 1)x(0, 0, 1, 24)",Ya,0.0,Tidak,0.001,Tidak,6.13883471,19.76889086,118.77995843,5.01884571,99.5692714,0.01678697,15.40790618,0.80138234,-44.36354149
"SARIMA(1, 0, 1)x(1, 0, 1, 24)",Ya,0.0,Tidak,0.001,Tidak,65.84522915,19.72359198,33.92026319,5.44341886,24.44989353,0.01749235,4.02194881,0.80229153,-2.699466
"ARIMA(1, 0, 2)",Ya,0.0,Tidak,0.001,Tidak,4.01212287,19.34578376,30.22042565,5.65832005,25.28444899,0.01792071,4.14721322,0.80979325,-1.93644431
"SARIMA(1, 0, 2)x(1, 0, 0, 24)",Ya,0.0,Tidak,0.001,Tidak,38.56394172,19.75701486,129.13166983,4.99348961,108.86479231,0.01675071,16.81859057,0.8016209,-52.61498
"SARIMA(1, 0, 2)x(0, 0, 1, 24)",Ya,0.0,Tidak,0.001,Tidak,7.62053084,19.75712048,128.72148338,4.99261498,108.49528478,0.01674931,16.76251259,0.80161878,-52.27490526
"SARIMA(1, 0, 2)x(1, 0, 1, 24)",Ya,0.0,Tidak,0.001,Tidak,39.48306155,19.71753648,52.06009524,5.33139468,40.49530268,0.01730958,6.45016162,0.80241291,-7.71426035
"ARIMA(1, 0, 3)",Ya,0.0,Tidak,0.001,Tidak,3.61272788,19.34615503,30.22826769,5.67267971,25.30135613,0.01794796,4.14981205,0.80978595,-1.93796849
"SARIMA(1, 0, 3)x(1, 0, 0, 24)",Ya,0.0,Tidak,0.001,Tidak,43.89918804,19.75440969,127.71593914,5.00106673,107.58636318,0.01676109,16.62457308,0.80167322,-51.44581235
"SARIMA(1, 0, 3)x(0, 0, 1, 24)",Ya,0.0,Tidak,0.001,Tidak,9.05859709,19.7545847,127.30224143,5.00006628,107.21379322,0.0167595,16.56803095,0.8016697,-51.10659749
"SARIMA(1, 0, 3)x(1, 0, 1, 24)",Ya,0.0,Tidak,0.001,Tidak,115.03461194,19.70991151,31.30741134,5.46939638,22.2122672,0.01753759,3.68357206,0.8025657,-2.15148274
"ARIMA(1, 0, 4)",Tidak,0.0,Tidak,0.001,Tidak,6.15681839,19.34488446,30.22434905,5.66770593,25.29290388,0.01793897,4.1485122,0.80981094,-1.93720681
"SARIMA(1, 0, 4)x(1, 0, 0, 24)",Tidak,0.0,Tidak,0.001,Tidak,61.14133716,19.73974192,117.38340397,5.03462773,98.33193157,0.01681435,15.22012758,0.80196762,-43.30308949
"SARIMA(1, 0, 4)x(0, 0, 1, 24)",Tidak,0.0,Tidak,0.001,Tidak,11.30398226,19.73981471,117.10696622,5.03395577,98.08325938,0.01681326,15.1823913,0.80196616,-43.09466777
"SARIMA(1, 0, 4)x(1, 0, 1, 24)",Tidak,0.0,Tidak,0.001,Tidak,72.51935291,19.69797,46.75306162,5.38426369,35.73753004,0.01739309,5.7296575,0.80280486,-6.02814521
"ARIMA(1, 0, 5)",Tidak,0.0,Tidak,0.001,Tidak,5.01429057,19.3346555,30.20295158,5.65237953,25.24720752,0.01790953,4.14148566,0.81001202,-1.93304946
"SARIMA(1, 0, 5)x(1, 0, 0, 24)",Ya,0.0,Tidak,0.001,Tidak,57.27622485,19.70421224,98.79947106,5.10955519,81.73244473,0.01693452,12.70136497,0.80267986,-30.38555793
"SARIMA(1, 0, 5)x(0, 0, 1, 24)",Ya,0.0,Tidak,0.001,Tidak,13.29195881,19.70429176,98.72376004,5.10956118,81.66391791,0.01693443,12.69096942,0.80267827,-30.33747422
"SARIMA(1, 0, 5)x(1, 0, 1, 24)",Ya,0.0,Tidak,0.001,Tidak,82.16204429,19.66215145,39.6954674,5.44842684,29.37784638,0.01749668,4.76717291,0.80352136,-4.06643475
"ARIMA(1, 0, 6)",Tidak,0.0,Tidak,0.001,Tidak,20.91340542,19.31631543,30.15369902,5.62945044,25.14262185,0.01786577,4.12540639,0.81037227,-1.9234913
"SARIMA(1, 0, 6)x(1, 0, 0, 24)",Tidak,0.0,Tidak,0.001,Tidak,66.07459259,19.65523606,78.72419189,5.20446315,63.89556431,0.01709026,9.99640045,0.80365955,-18.92677591
"SARIMA(1, 0, 6)x(0, 0, 1, 24)",Tidak,0.0,Tidak,0.001,Tidak,19.99094486,19.65534726,78.81397901,5.20416519,63.97442752,0.0170898,10.00835931,0.80365733,-18.97225591
"SARIMA(1, 0, 6)x(1, 0, 1, 24)",Ya,0.0,Tidak,0.001,Tidak,105.3185153,19.61697181,32.98385074,5.49903151,23.37486118,0.0175809,3.86027437,0.80442326,-2.49802837
"ARIMA(1, 0, 7)",Ya,0.0,Tidak,0.001,Tidak,21.79620481,19.28681195,30.03737305,5.59840873,24.89810597,0.01780566,4.08784997,0.8109511,-1.90097851
"SARIMA(1, 0, 7)x(1, 0, 0, 24)",Tidak,0.0,Tidak,0.001,Tidak,40.62878704,19.84237047,59.78103691,5.30857177,47.2684444,0.01722454,7.47583161,0.7999031,-10.49072686
"SARIMA(1, 0, 7)x(0, 0, 1, 24)",Tidak,0.0,Tidak,0.001,Tidak,22.08221698,19.60113243,57.99373819,5.28156669,45.58907438,0.01721987,7.22228697,0.80473897,-9.81391176
"SARIMA(1, 0, 7)x(1, 0, 1, 24)",Ya,0.0,Tidak,0.001,Tidak,114.49629831,19.56879935,26.75320352,5.52007095,17.90233815,0.01761852,3.03684245,0.80538262,-1.30129451
"ARIMA(1, 0, 8)",Ya,0.0,Tidak,0.001,Tidak,34.85480714,19.2581227,29.85624841,5.5654677,24.51959266,0.01774465,4.0299253,0.81151311,-1.86609833
"SARIMA(1, 0, 8)x(1, 0, 0, 24)",Tidak,0.0,Tidak,0.001,Tidak,83.23308158,19.55852202,42.33511194,5.31724319,31.80900686,0.01728259,5.13674345,0.80558699,-4.76264729
"SARIMA(1, 0, 8)x(0, 0, 1, 24)",Tidak,0.0,Tidak,0.001,Tidak,24.83520508,19.55854223,42.40892628,5.31717059,31.87405369,0.01728247,5.14658201,0.80558659,-4.78276
"SARIMA(1, 0, 8)x(1, 0, 1, 24)",Tidak,0.0,Tidak,0.001,Tidak,122.979316,19.53055529,23.12732923,5.51739067,15.13819868,0.01761748,2.62738342,0.80614257,-0.7197748
"ARIMA(1, 0, 9)",Ya,0.0,Tidak,0.001,Tidak,45.30769062,19.23659402,29.65155625,5.53296039,24.09147153,0.01768802,3.96481047,0.81193429,-1.82693354
"SARIMA(1, 0, 9)x(1, 0, 0, 24)",Tidak,0.0,Tidak,0.001,Tidak,153.62081432,19.52551218,33.89361191,5.35300234,24.47144077,0.01734382,4.02879158,0.80624268,-2.69365492
"SARIMA(1, 0, 9)x(0, 0, 1, 24)",Tidak,0.0,Tidak,0.001,Tidak,31.97711945,19.52917393,34.23624164,5.32749501,24.76324768,0.01730342,4.07270212,0.80617,-2.76871052
"SARIMA(1, 0, 9)x(1, 0, 1, 24)",Ya,0.0,Tidak,0.001,Tidak,124.13852382,19.50395599,22.10503329,5.50457844,14.97377693,0.01759975,2.61156125,0.80667026,-0.57109686
"ARIMA(1, 0, 10)",Ya,1e-06,Tidak,0.001,Tidak,55.42091799,19.21763097,29.43177606,5.50542595,23.63443628,0.01764353,3.89565836,0.81230489,-1.78518184
"SARIMA(1, 0, 10)x(1, 0, 0, 24)",Error,Error,Error,Error,Error,541.61297965,Error,Error,Error,Error,Error,Error,Error,Error
"SARIMA(1, 0, 10)x(0, 0, 1, 24)",Tidak,0.000000,Tidak,0.001000,Tidak,41.09750891,19.50525708,30.80199339,5.32829218,21.79180681,0.01731068,3.62497660,0.80664446,-2.05055080
"SARIMA(1, 0, 10)x(1, 0, 1, 24)",Ya,0.000000,Tidak,0.001000,Tidak,166.39982677,19.48143918,22.02523970,5.49193503,15.06369753,0.01758465,2.62999332,0.80711639,-0.55977481
"ARIMA(1, 0, 11)",Ya,0.023266,Tidak,0.001000,Tidak,52.41429162,19.20273930,29.19101777,5.47844764,23.13827253,0.01760101,3.82077648,0.81259567,-1.73980144
"SARIMA(1, 0, 11)x(1, 0, 0, 24)",Error,Error,Error,Error,Error,478.38775325,Error,Error,Error,Error,Error,Error,Error,Error
"SARIMA(1, 0, 11)x(0, 0, 1, 24)",Tidak,0.000064,Tidak,0.001000,Tidak,40.12691402,19.48651060,22.58695432,5.33679587,15.20436851,0.01733092,2.64339002,0.80701595,-0.64034788
"SARIMA(1, 0, 11)x(1, 0, 1, 24)",Ya,0.000051,Tidak,0.001000,Tidak,190.03422141,19.46342836,23.30555040,5.48781711,16.40804810,0.01758327,2.84881441,0.80747287,-0.74638239
"ARIMA(1, 0, 12)",Ya,0.212793,Ya,0.001000,Tidak,61.96695995,19.19286254,28.95446973,5.45719876,22.65696837,0.01756707,3.74816175,0.81278840,-1.69557764
"SARIMA(1, 0, 12)x(1, 0, 0, 24)",Error,Error,Error,Error,Error,288.0007143,Error,Error,Error,Error,Error,Error,Error,Error
"SARIMA(1, 0, 12)x(0, 0, 1, 24)",Tidak,0.011412,Tidak,0.001000,Tidak,49.65910316,19.47387382,24.48723258,5.32146329,16.27098088,0.01730864,2.79646476,0.80726617,-0.92796891
"SARIMA(1, 0, 12)x(1, 0, 1, 24)",Ya,0.008446,Tidak,0.001000,Tidak,253.62305021,19.45088724,22.53571090,5.47482239,15.13102428,0.01756490,2.65022638,0.80772090,-0.63291335
"ARIMA(1, 0, 13)",Ya,0.712359,Ya,0.001000,Tidak,82.09381914,19.18388182,28.71207361,5.44191736,22.18721846,0.01754181,3.67727768,0.81296355,-1.65063380
"SARIMA(1, 0, 13)x(1, 0, 0, 24)",Ya,0.000000,Tidak,0.001000,Tidak,198.51487613,25.33563313,32.13099005,9.56018940,26.21631446,0.02397384,4.35077054,0.67377534,-2.31947062
"SARIMA(1, 0, 13)x(0, 0, 1, 24)",Tidak,0.247088,Ya,0.001000,Tidak,48.79892063,19.46272063,23.11437442,5.32031912,15.25882766,0.01730835,2.64707339,0.80748687,-0.71784867
"SARIMA(1, 0, 13)x(1, 0, 1, 24)",Ya,0.198082,Ya,0.001000,Tidak,264.64950514,19.44005904,22.86254532,5.47014400,15.63335731,0.01755848,2.72901943,0.80793492,-0.68062095
"ARIMA(1, 0, 14)",Ya,0.978089,Ya,0.001000,Tidak,85.98877168,19.17820879,28.44720144,5.42738820,21.69870263,0.01751821,3.60352631,0.81307416,-1.60195457
"SARIMA(1, 0, 14)x(1, 0, 0, 24)",Ya,0.000000,Tidak,0.001000,Tidak,215.59645557,25.19587132,30.48482255,9.82310207,24.76987007,0.02435673,4.12916665,0.67736460,-1.98805066
"SARIMA(1, 0, 14)x(0, 0, 1, 24)",Tidak,0.811098,Ya,0.001000,Tidak,63.37568951,19.45540200,22.21995010,5.31875179,14.82378120,0.01730759,2.58549406,0.80763162,-0.58747456
"SARIMA(1, 0, 14)x(1, 0, 1, 24)",Ya,0.749311,Ya,0.001000,Tidak,317.51489806,19.43317310,23.14697477,5.46451446,16.28223146,0.01755095,2.82923771,0.80807096,-0.72269777
"ARIMA(1, 0, 15)",Ya,0.999716,Ya,0.001000,Tidak,94.29144454,19.17450254,28.18801500,5.41377858,21.24257318,0.01749634,3.53462174,0.81314640,-1.55475702
"SARIMA(1, 0, 15)x(1, 0, 0, 24)",Ya,0.000000,Tidak,0.001000,Tidak,156.37047577,25.08914906,29.87016588,10.20577213,23.71966953,0.02496605,3.96774273,0.68009198,-1.86877101
"SARIMA(1, 0, 15)x(0, 0, 1, 24)",Tidak,0.989002,Ya,0.001000,Tidak,61.67910123,19.45035586,21.59729592,5.31836444,14.47339649,0.01730874,2.53842723,0.80773140,-0.49975173
"SARIMA(1, 0, 15)x(1, 0, 1, 24)",Ya,0.977115,Ya,0.001000,Tidak,319.22221255,19.42855998,23.66629961,5.45920385,17.20011895,0.01754387,2.97097280,0.80816207,-0.80086572
"ARIMA(2, 0, 1)",Ya,0.000000,Tidak,0.001000,Tidak,7.41532588,19.34731719,30.21866980,5.66413916,25.28066911,0.01792867,4.14663226,0.80976310,-1.93610309
"SARIMA(2, 0, 1)x(1, 0, 0, 24)",Ya,0.000000,Tidak,0.001000,Tidak,54.95217323,19.75639844,130.94583514,4.99458360,110.49397390,0.01675234,17.06584528,0.80163328,-54.13203128
"SARIMA(2, 0, 1)x(0, 0, 1, 24)",Ya,0.000000,Tidak,0.001000,Tidak,10.2214036,19.75645417,128.27529328,4.99234548,108.09373792,0.01674876,16.70157233,0.80163216,-51.90620944
"SARIMA(2, 0, 1)x(1, 0, 1, 24)",Ya,0.000000,Tidak,0.001000,Tidak,40.65914035,19.71699119,53.43660641,5.33177852,41.72575476,0.01730998,6.63656895,0.80242384,-8.18117686
"ARIMA(2, 0, 2)",Ya,0.000000,Tidak,0.001000,Tidak,16.0427494,19.34599760,30.22679636,5.67077994,25.29814409,0.01794386,4.14931845,0.80978905,-1.93768249
"SARIMA(2, 0, 2)x(1, 0, 0, 24)",Tidak,0.000000,Tidak,0.001000,Tidak,74.60056925,19.76793930,26.63904545,4.95040908,17.65207516,0.01668075,2.99650763,0.80140146,-1.28169679
"SARIMA(2, 0, 2)x(0, 0, 1, 24)",Tidak,0.000000,Tidak,0.001000,Tidak,12.63711834,19.75627338,127.55010237,4.99310079,107.44155307,0.01674972,16.60259451,0.80163579,-51.30970096
"SARIMA(2, 0, 2)x(1, 0, 1, 24)",Tidak,0.000000,Tidak,0.001000,Tidak,89.37507248,19.71771957,74.94996356,5.33476446,61.27966608,0.01731415,9.60068260,0.80240924,-17.06190137
"ARIMA(2, 0, 3)",Tidak,0.000000,Tidak,0.001000,Tidak,9.87085295,19.34648409,30.22687080,5.66794229,25.29829583,0.01793923,4.14934185,0.80977948,-1.93769696
"SARIMA(2, 0, 3)x(1, 0, 0, 24)",Error,Error,Error,Error,Error,63.68139911,Error,Error,Error,Error,Error,Error,Error,Error
"SARIMA(2, 0, 3)x(0, 0, 1, 24)",Ya,0.000000,Tidak,0.001000,Tidak,65.5575583,19.45867838,88.96811436,5.18648920,73.22235648,0.01706453,11.41028121,0.80756683,-24.45009374
"SARIMA(2, 0, 3)x(1, 0, 1, 24)",Ya,0.000000,Tidak,0.001000,Tidak,120.06116915,19.47111023,84.29653336,5.45129710,71.48281338,0.01750394,11.14996878,0.80732086,-21.84757145
"ARIMA(2, 0, 4)",Ya,0.000135,Tidak,0.001000,Tidak,54.99833202,19.17999688,25.74696766,5.37059403,17.50027225,0.01742156,2.96782916,0.81303930,-1.13143842
"SARIMA(2, 0, 4)x(1, 0, 0, 24)",Error,Error,Error,Error,Error,115.01895881,Error,Error,Error,Error,Error,Error,Error,Error
"SARIMA(2, 0, 4)x(0, 0, 1, 24)",Ya,0.000002,Tidak,0.001000,Tidak,41.01194882,19.47074381,105.66673860,5.18268993,87.86189170,0.01706865,13.63133700,0.80732812,-34.90022914
"SARIMA(2, 0, 4)x(1, 0, 1, 24)",Ya,0.003611,Tidak,0.001000,Tidak,194.36843348,19.42800548,44.99175384,5.38855884,34.18633083,0.01742158,5.49436785,0.80817302,-5.50858319
"ARIMA(2, 0, 5)",Tidak,0.119459,Ya,0.001000,Tidak,23.47308779,19.18013169,28.87288114,5.44786899,22.50328180,0.01756126,3.72459697,0.81303667,-1.68040772
"SARIMA(2, 0, 5)x(1, 0, 0, 24)",Error,Error,Error,Error,Error,66.45669746,Error,Error,Error,Error,Error,Error,Error,Error
"SARIMA(2, 0, 5)x(0, 0, 1, 24)",Tidak,0.307107,Ya,0.001000,Tidak,40.65052223,19.45353060,66.37292940,5.19294037,53.05285218,0.01709335,8.35249435,0.80766863,-13.16454361
"SARIMA(2, 0, 5)x(1, 0, 1, 24)",Tidak,0.881161,Ya,0.001000,Tidak,235.98346925,19.42125781,32.05692760,5.38620440,22.49120488,0.01742198,3.72598459,0.80830624,-2.30418539
"ARIMA(2, 0, 6)",Tidak,0.849416,Ya,0.001000,Tidak,31.2557261,19.17623635,28.45855891,5.42055532,21.72186402,0.01751402,3.60655505,0.81311261,-1.60403264
"SARIMA(2, 0, 6)x(1, 0, 0, 24)",Error,Error,Error,Error,Error,67.87980342,Error,Error,Error,Error,Error,Error,Error,Error
"SARIMA(2, 0, 6)x(0, 0, 1, 24)",Tidak,0.931520,Ya,0.001000,Tidak,51.26944709,19.45056649,56.39946161,5.20242370,44.24436759,0.01711145,7.01786746,0.80772724,-9.22752455
"SARIMA(2, 0, 6)x(1, 0, 1, 24)",Ya,0.998786,Ya,0.001000,Tidak,243.28548169,19.42071031,28.80903250,5.38828307,19.59454667,0.01742668,3.28936981,0.80831705,-1.66856608
"ARIMA(2, 0, 7)",Tidak,0.999997,Ya,0.001000,Tidak,32.78982234,19.17648677,22.48439292,5.33550392,13.40477898,0.01735465,2.35244607,0.81310773,-0.62548493
"SARIMA(2, 0, 7)x(1, 0, 0, 24)",Error,Error,Error,Error,Error,105.53384233,Error,Error,Error,Error,Error,Error,Error,Error
"SARIMA(2, 0, 7)x(0, 0, 1, 24)",Tidak,0.999441,Ya,0.001000,Tidak,58.94525909,19.44721973,41.03740019,5.22192992,30.63812785,0.01714638,4.95773827,0.80779340,-4.41477348
"SARIMA(2, 0, 7)x(1, 0, 1, 24)",Tidak,0.999996,Ya,0.001000,Tidak,186.21418691,19.41947423,23.67051295,5.40449693,14.96594263,0.01745463,2.59389978,0.80834145,-0.80150700
"ARIMA(2, 0, 8)",Tidak,0.290277,Ya,0.001000,Tidak,92.5024457,19.19342057,29.11301442,5.42500790,22.98189664,0.01752678,3.79703541,0.81277751,-1.72517857
"SARIMA(2, 0, 8)x(1, 0, 0, 24)",Error,Error,Error,Error,Error,99.0625031,Error,Error,Error,Error,Error,Error,Error,Error
"SARIMA(2, 0, 8)x(0, 0, 1, 24)",Tidak,0.999938,Ya,0.001000,Tidak,65.58429575,19.44499816,27.04460690,5.25113282,18.03467490,0.01719731,3.05412588,0.80783731,-1.35170022
"SARIMA(2, 0, 8)x(1, 0, 1, 24)",Tidak,0.999999,Ya,0.001000,Tidak,399.35001349,19.42019943,20.76104491,5.41289434,13.32984017,0.01746970,2.36044348,0.80832714,-0.38585895
"ARIMA(2, 0, 9)",Tidak,0.998364,Ya,0.001000,Tidak,94.73707008,19.17353849,27.60042522,5.38843674,20.26804063,0.01745656,3.38693253,0.81316519,-1.44935740
"SARIMA(2, 0, 9)x(1, 0, 0, 24)",Error,Error,Error,Error,Error,228.57674527,Error,Error,Error,Error,Error,Error,Error,Error
"SARIMA(2, 0, 9)x(0, 0, 1, 24)",Tidak,0.998053,Ya,0.001000,Tidak,70.10137796,19.44627078,35.08227994,5.23343097,25.31327028,0.01716674,4.15275739,0.80781216,-2.95727502
"SARIMA(2, 0, 9)x(1, 0, 1, 24)",Tidak,0.999992,Ya,0.001000,Tidak,398.71153545,19.41969571,22.40080125,5.40677980,14.07593090,0.01745869,2.46314750,0.80833708,-0.61342105
"ARIMA(2, 0, 10)",Tidak,0.999999,Ya,0.001000,Tidak,84.35997033,19.17266414,27.23329701,5.38133354,19.69646274,0.01744316,3.30060699,0.81318223,-1.38463031
"SARIMA(2, 0, 10)x(1, 0, 0, 24)",Error,Error,Error,Error,Error,430.68190742,Error,Error,Error,Error,Error,Error,Error,Error
"SARIMA(2, 0, 10)x(0, 0, 1, 24)",Tidak,0.982346,Ya,0.001000,Tidak,82.14045024,19.45202645,61.71104290,5.21534631,48.87067069,0.01713273,7.71927643,0.80769837,-11.24465029
"SARIMA(2, 0, 10)x(1, 0, 1, 24)",Tidak,0.999967,Ya,0.001000,Tidak,474.0798285,19.42209210,34.76019408,5.38324445,24.99701358,0.01741709,4.10576500,0.80828977,-2.88494612
"ARIMA(2, 0, 11)",Tidak,1.000000,Ya,0.001000,Tidak,138.42953229,19.17248119,27.40556890,5.38365546,19.96454605,0.01744714,3.34120288,0.81318579,-1.41489503
"SARIMA(2, 0, 11)x(1, 0, 0, 24)",Error,Error,Error,Error,Error,627.78344917,Error,Error,Error,Error,Error,Error,Error,Error
"SARIMA(2, 0, 11)x(0, 0, 1, 24)",Tidak,1.000000,Ya,0.001000,Tidak,92.55908918,19.44493350,27.49181278,5.25582788,18.51688869,0.01720511,3.12770062,0.80783859,-1.43011804
"SARIMA(2, 0, 11)x(1, 0, 1, 24)",Tidak,1.000000,Ya,0.001000,Tidak,464.23896694,19.42015594,21.43156478,5.40828545,13.56940638,0.01746207,2.39072340,0.80832800,-0.47682276
"ARIMA(2, 0, 12)",Tidak,1.000000,Ya,0.001000,Tidak,149.706177,19.17234013,27.64155261,5.38832611,20.33634671,0.01745528,3.39744029,0.81318854,-1.45666241
"SARIMA(2, 0, 12)x(1, 0, 0, 24)",Tidak,0.000000,Tidak,0.001000,Tidak,247.19846892,25.41210262,23.89870421,9.48891964,15.93674639,0.02390363,2.76549561,0.67180311,-0.83640862
"SARIMA(2, 0, 12)x(0, 0, 1, 24)",Tidak,1.000000,Ya,0.001000,Tidak,115.22132492,19.45140081,56.62887636,5.22765178,44.38870078,0.01715345,7.04044178,0.80771074,-9.31089829
"SARIMA(2, 0, 12)x(1, 0, 1, 24)",Tidak,1.000000,Ya,0.001000,Tidak,582.73816586,19.42234608,37.07473782,5.38736873,27.06817704,0.01742292,4.41897028,0.80828476,-3.41953718
"ARIMA(2, 0, 13)",Tidak,1.000000,Ya,0.001000,Tidak,161.41916132,19.17177723,27.88537431,5.39523845,20.73219700,0.01746684,3.45730950,0.81319951,-1.50019321
"SARIMA(2, 0, 13)x(1, 0, 0, 24)",Ya,0.269116,Ya,0.001000,Tidak,242.26342034,25.25433823,24.57147931,9.65626364,16.00697966,0.02411483,2.76259031,0.67586551,-0.94125783
"SARIMA(2, 0, 13)x(0, 0, 1, 24)",Tidak,0.999999,Ya,0.001000,Tidak,115.02195215,19.45061101,53.52182500,5.23638649,41.65827938,0.01716785,6.62696566,0.80772636,-8.21048377
"SARIMA(2, 0, 13)x(1, 0, 1, 24)",Tidak,1.000000,Ya,0.001000,Tidak,756.66002274,19.42273599,36.27227334,5.39211806,26.37759786,0.01743029,4.31499106,0.80827706,-3.23029024
"ARIMA(2, 0, 14)",Tidak,0.987323,Ya,0.001000,Tidak,73.39663649,19.17962770,28.86786686,5.44821111,22.48858114,0.01755644,3.72267367,0.81304650,-1.67947680
"SARIMA(2, 0, 14)x(1, 0, 0, 24)",Ya,0.000000,Tidak,0.001000,Tidak,279.31463766,25.32766751,26.92542340,9.65056267,19.47234954,0.02410152,3.31496420,0.67398044,-1.33101837
"SARIMA(2, 0, 14)x(0, 0, 1, 24)",Tidak,0.999998,Ya,0.001000,Tidak,159.79326892,19.45003544,48.10701928,5.24402134,36.90825666,0.01718151,5.90784232,0.80773774,-6.44110635
"SARIMA(2, 0, 14)x(1, 0, 1, 24)",Tidak,1.000000,Ya,0.001000,Tidak,625.62566352,19.42287064,35.41016929,5.39531069,25.63011269,0.01743538,4.20229837,0.80827440,-3.03159242
"ARIMA(2, 0, 15)",Tidak,0.999402,Ya,0.001000,Tidak,65.29684377,19.17621895,28.64795485,5.43290478,22.06829615,0.01753111,3.65922690,0.81311295,-1.63880842
"SARIMA(2, 0, 15)x(1, 0, 0, 24)",Ya,0.000000,Tidak,0.001000,Tidak,355.80139446,24.81069948,28.99608235,10.30928583,20.49360383,0.02511126,3.43216870,0.68715352,-1.70333124
"SARIMA(2, 0, 15)x(0, 0, 1, 24)",Tidak,0.999999,Ya,0.001000,Tidak,148.04710507,19.44823530,40.49953923,5.25384571,30.17441955,0.01719894,4.88893722,0.80777332,-4.27376506
"SARIMA(2, 0, 15)x(1, 0, 1, 24)",Tidak,1.000000,Ya,0.001000,Tidak,918.96820927,19.42290119,32.01839822,5.40119215,22.65832616,0.01744547,3.75392514,0.80827380,-2.29624753
"ARIMA(3, 0, 1)",Tidak,0.000000,Tidak,0.001000,Tidak,19.0625844,19.34520413,30.22317114,5.66864185,25.29034939,0.01793917,4.14811973,0.80980465,-1.93697788
"SARIMA(3, 0, 1)x(1, 0, 0, 24)",Ya,0.000000,Tidak,0.001000,Tidak,76.85910082,19.81810563,290.26298673,5.05471508,257.39046205,0.01686878,39.36832389,0.80039219,-269.89683667
"SARIMA(3, 0, 1)x(0, 0, 1, 24)",Ya,0.000000,Tidak,0.001000,Tidak,58.45054126,19.60952188,21.69792528,5.04317799,14.47151402,0.01685721,2.54311253,0.80457178,-0.51376003
"SARIMA(3, 0, 1)x(1, 0, 1, 24)",Ya,0.000000,Tidak,0.001000,Tidak,135.87045407,19.62411721,27.49468001,5.68389496,19.84763098,0.01788133,3.31978284,0.80428076,-1.43062496
"ARIMA(3, 0, 2)",Tidak,0.000000,Tidak,0.001000,Tidak,25.18955803,19.34577544,30.22791294,5.67271449,25.30062090,0.01794836,4.14969877,0.80979342,-1.93789953
"SARIMA(3, 0, 2)x(1, 0, 0, 24)",Ya,0.000000,Tidak,0.001000,Tidak,68.46711993,631.29440977,655.59797960,629.73406040,655.36073826,1.00000000,100.00000000,-201.54295704,-1380.96112781
"SARIMA(3, 0, 2)x(0, 0, 1, 24)",Tidak,0.000000,Tidak,0.001000,Tidak,47.05541801,19.75642008,133.00056799,4.99546926,112.33968280,0.01675361,17.34596481,0.80163285,-55.87581142
"SARIMA(3, 0, 2)x(1, 0, 1, 24)",Tidak,0.000000,Tidak,0.001000,Tidak,217.3682549,19.71751295,54.19452310,5.73102408,47.56512175,0.01793809,7.52296729,0.80241338,-8.44346581
"ARIMA(3, 0, 3)",Ya,0.622786,Ya,0.001000,Tidak,64.75244498,19.18533365,28.91682941,5.46722451,22.58827042,0.01759646,3.73753407,0.81293524,-1.68857379
"SARIMA(3, 0, 3)x(1, 0, 0, 24)",Error,Error,Error,Error,Error,184.39861178,Error,Error,Error,Error,Error,Error,Error,Error
"SARIMA(3, 0, 3)x(0, 0, 1, 24)",Tidak,0.820168,Ya,0.001000,Tidak,65.16186285,19.47567400,137.36385035,5.20632076,115.94281399,0.01710804,17.89292947,0.80723053,-59.66881688
"SARIMA(3, 0, 3)x(1, 0, 1, 24)",Ya,0.000000,Tidak,0.001000,Tidak,117.48525476,19.47637079,59.52346819,5.42531568,47.38869656,0.01746125,7.49419769,0.80721674,-10.39192376
"ARIMA(3, 0, 4)",Tidak,0.000000,Tidak,0.001000,Tidak,19.21611762,19.34530349,30.22662323,5.67290275,25.29780038,0.01794757,4.14926535,0.80980270,-1.93764884
"SARIMA(3, 0, 4)x(1, 0, 0, 24)",Ya,0.000000,Tidak,0.001000,Tidak,197.53475451,19.60497509,292.08762880,5.22398505,259.11609757,0.01712350,39.63053505,0.80466240,-273.31334777
"SARIMA(3, 0, 4)x(0, 0, 1, 24)",Tidak,0.000000,Tidak,0.001000,Tidak,50.8959198,19.75683939,132.00619270,4.99684870,111.44882360,0.01675553,17.21075965,0.80162443,-55.02852959
"SARIMA(3, 0, 4)x(1, 0, 1, 24)",Tidak,0.000000,Tidak,0.001000,Tidak,223.74628186,19.71239470,133.95802340,5.44620635,123.15640920,0.01748647,18.99935965,0.80251595,-56.69764347
"ARIMA(3, 0, 5)",Tidak,0.000000,Tidak,0.001000,Tidak,22.28799391,19.34556742,30.22767422,5.67366860,25.30007133,0.01794924,4.14961453,0.80979751,-1.93785313
"SARIMA(3, 0, 5)x(1, 0, 0, 24)",Tidak,0.000000,Tidak,0.001000,Tidak,113.06810594,19.75370631,198.01576091,5.05852737,171.33091394,0.01685252,26.30036686,0.80168734,-125.07243244
"SARIMA(3, 0, 5)x(0, 0, 1, 24)",Tidak,0.000000,Tidak,0.001000,Tidak,82.95687914,19.75223666,115.96684105,5.00936949,97.06156684,0.01677260,15.02734698,0.80171685,-42.24025719
"SARIMA(3, 0, 5)x(1, 0, 1, 24)",Ya,0.000000,Tidak,0.001000,Tidak,316.82877517,19.72359226,69.23563261,5.68992168,62.30219276,0.01788967,9.75844924,0.80229152,-14.41274325
"ARIMA(3, 0, 6)",Ya,0.569296,Ya,0.001000,Tidak,87.94383931,19.17778115,26.49617833,5.37023680,18.57238963,0.01742463,3.13016060,0.81308249,-1.25728861
"SARIMA(3, 0, 6)x(1, 0, 0, 24)",Error,Error,Error,Error,Error,485.78445172,Error,Error,Error,Error,Error,Error,Error,Error
"SARIMA(3, 0, 6)x(0, 0, 1, 24)",Ya,0.000000,Tidak,0.001000,Tidak,343.86442614,20.17439640,23.48127008,6.00726414,17.40501251,0.01839453,3.00100242,0.79315056,-0.77281649
"SARIMA(3, 0, 6)x(1, 0, 1, 24)",Ya,0.000000,Tidak,0.001000,Tidak,1520.43929982,25.64088985,261.92434050,11.34746666,223.49355052,0.02669300,34.21063898,0.66586694,-219.58314903
"ARIMA(3, 0, 7)",Ya,0.962646,Ya,0.001000,Tidak,90.77709293,19.17351644,25.49435675,5.36008479,17.17834082,0.01739961,2.92006056,0.81316562,-1.08981928
"SARIMA(3, 0, 7)x(1, 0, 0, 24)",Ya,0.000000,Tidak,0.001000,Tidak,201.40211821,26.08805070,66.39268993,8.67898723,53.20868027,0.02264262,8.37817948,0.65411118,-13.17297900
"SARIMA(3, 0, 7)x(0, 0, 1, 24)",Ya,0.992764,Ya,0.001000,Tidak,237.36291003,19.44481163,22.87406159,5.32548156,16.53770366,0.01732310,2.86737637,0.80784100,-0.68231449
"SARIMA(3, 0, 7)x(1, 0, 1, 24)",Tidak,0.000000,Tidak,0.001000,Tidak,333.24163198,19.65331172,231.80801241,5.15613664,204.57443676,0.01704139,31.35125027,0.80369799,-171.77364699
"ARIMA(3, 0, 8)",Tidak,0.999091,Ya,0.001000,Tidak,110.7541275,19.17339731,26.19113284,5.36732793,18.15196224,0.01741449,3.06714960,0.81316794,-1.20561233
"SARIMA(3, 0, 8)x(1, 0, 0, 24)",Tidak,0.000000,Tidak,0.001000,Tidak,128.65349221,19.64929047,98.77597023,5.23425010,81.65985591,0.01713366,12.69042145,0.80377831,-30.37062872
"SARIMA(3, 0, 8)x(0, 0, 1, 24)",Ya,0.000000,Tidak,0.001000,Tidak,221.76962852,19.57480842,23.54681400,5.33161059,17.08672648,0.01732264,2.95300387,0.80526308,-0.78272732
"SARIMA(3, 0, 8)x(1, 0, 1, 24)",Ya,0.000000,Tidak,0.001000,Tidak,472.12151814,19.56609815,205.82659124,5.29186645,180.74653362,0.01724314,27.73376576,0.80543635,-135.21457431
"ARIMA(3, 0, 9)",Tidak,0.977243,Ya,0.001000,Tidak,116.37820458,19.16954036,26.64271948,5.39787855,18.79373985,0.01746877,3.16385325,0.81324310,-1.28232621
"SARIMA(3, 0, 9)x(1, 0, 0, 24)",Tidak,0.000000,Tidak,0.001000,Tidak,79.03875685,25.04045105,601.59125590,11.07369190,583.11987313,0.02626060,88.86927060,0.68133266,-1162.65340488
"SARIMA(3, 0, 9)x(0, 0, 1, 24)",Tidak,0.000000,Tidak,0.001000,Tidak,125.64188361,19.59975582,36.54290205,5.29109269,26.67625498,0.01723756,4.35995892,0.80476639,-3.29365042
"SARIMA(3, 0, 9)x(1, 0, 1, 24)",Ya,0.000000,Tidak,0.001000,Tidak,456.46247387,19.55835779,84.96661302,5.51779025,70.59322053,0.01760479,11.01398723,0.80559025,-22.21224936
"ARIMA(3, 0, 10)",Tidak,0.999568,Ya,0.001000,Tidak,107.76072168,19.17331060,26.95826610,5.37596572,19.27012983,0.01743341,3.23605688,0.81316963,-1.33670843
"SARIMA(3, 0, 10)x(1, 0, 0, 24)",Ya,0.000000,Tidak,0.001000,Tidak,265.38573623,25.98890889,100.68677388,8.38815922,82.80014180,0.02216569,12.86180388,0.65673514,-31.59608682
"SARIMA(3, 0, 10)x(0, 0, 1, 24)",Tidak,0.999978,Ya,0.001000,Tidak,100.72381091,19.44439980,24.90068767,5.26026064,16.04299120,0.01721302,2.75470992,0.80784914,-0.99362420
"SARIMA(3, 0, 10)x(1, 0, 1, 24)",Tidak,0.999998,Ya,0.001000,Tidak,296.144032,19.42013793,20.60488882,5.41585624,13.18353416,0.01747484,2.34077311,0.80832835,-0.36508962
"ARIMA(3, 0, 11)",Tidak,1.000000,Ya,0.001000,Tidak,126.27779818,19.17224321,27.21974733,5.38128136,19.67554881,0.01744201,3.29746894,0.81319043,-1.38225800
"SARIMA(3, 0, 11)x(1, 0, 0, 24)",Tidak,0.000092,Tidak,0.001000,Tidak,294.57320428,25.43738483,60.22320659,8.71345156,47.50082137,0.02266119,7.50990387,0.67114975,-10.66133753
"SARIMA(3, 0, 11)x(0, 0, 1, 24)",Tidak,0.000000,Tidak,0.001000,Tidak,181.585711,19.52461569,22.29000993,5.34715194,14.81347263,0.01733540,2.60054497,0.80626047,-0.59750100
"SARIMA(3, 0, 11)x(1, 0, 1, 24)",Ya,0.000000,Tidak,0.001000,Tidak,464.66116977,19.50135932,23.83057038,5.52088650,17.42068806,0.01762391,3.00508298,0.80672173,-0.82595255
"ARIMA(3, 0, 12)",Tidak,1.000000,Ya,0.001000,Tidak,131.06937599,19.17231672,27.27857881,5.38119050,19.76761551,0.01744205,3.31143477,0.81318900,-1.39256692
"SARIMA(3, 0, 12)x(1, 0, 0, 24)",Ya,0.134910,Ya,0.001000,Tidak,355.00587845,25.03154175,25.17245546,9.79299155,17.74273816,0.02432079,3.04908116,0.68155938,-1.03737877
"SARIMA(3, 0, 12)x(0, 0, 1, 24)",Tidak,1.000000,Ya,0.001000,Tidak,228.73080277,19.44404509,20.56012647,5.28940684,13.02210106,0.01726250,2.31294184,0.80785615,-0.35916499
"SARIMA(3, 0, 12)x(1, 0, 1, 24)",Tidak,1.000000,Ya,0.001000,Tidak,644.00588346,19.41901590,22.43794976,5.40414105,14.01463270,0.01745413,2.45292176,0.80835050,-0.61877674
"ARIMA(3, 0, 13)",Tidak,1.000000,Ya,0.001000,Tidak,171.63677669,19.17178522,27.44800771,5.38460605,20.03146833,0.01744748,3.35137226,0.81319936,-1.42237998
"SARIMA(3, 0, 13)x(1, 0, 0, 24)",Ya,0.000000,Tidak,0.001000,Tidak,643.95929575,24.83783250,23.51047359,9.76704580,15.16278044,0.02430189,2.63784151,0.68646888,-0.77722891
"SARIMA(3, 0, 13)x(0, 0, 1, 24)",Tidak,1.000000,Ya,0.001000,Tidak,231.61812282,19.44371465,21.11052260,5.31276579,13.56890260,0.01730141,2.40844884,0.80786268,-0.43290891
"SARIMA(3, 0, 13)x(1, 0, 1, 24)",Tidak,1.000000,Ya,0.001000,Tidak,536.35686493,19.42001084,25.41924062,5.39717894,16.55138177,0.01744199,2.83198971,0.80833086,-1.07752261
"ARIMA(3, 0, 14)",Tidak,1.000000,Ya,0.001000,Tidak,186.57953715,19.17174428,27.49614464,5.38541558,20.10745497,0.01744880,3.36290771,0.81320015,-1.43088392
"SARIMA(3, 0, 14)x(1, 0, 0, 24)",Ya,0.000000,Tidak,0.001000,Tidak,424.12102246,25.56438412,24.21855078,9.04235774,16.32872225,0.02310005,2.82766385,0.66785790,-0.88589243
"SARIMA(3, 0, 14)x(0, 0, 1, 24)",Tidak,0.999998,Ya,0.001000,Tidak,276.68575788,19.44246601,20.52879478,5.28595010,12.28852258,0.01725499,2.19337559,0.80788735,-0.35502566
"SARIMA(3, 0, 14)x(1, 0, 1, 24)",Tidak,0.999995,Ya,0.001000,Tidak,606.43804669,19.42287045,25.85671613,5.39259262,17.06569867,0.01743461,2.91068490,0.80827441,-1.14964799
"ARIMA(3, 0, 15)",Tidak,1.000000,Ya,0.001000,Tidak,155.26118326,19.17105052,27.72163976,5.39104825,20.46594364,0.01745776,3.41712655,0.81321367,-1.47091864
"SARIMA(3, 0, 15)x(1, 0, 0, 24)",Ya,0.000000,Tidak,0.001000,Tidak,445.58385849,24.61078234,24.00912360,10.11112196,16.04573674,0.02484945,2.78162292,0.69217485,-0.85341737
"SARIMA(3, 0, 15)x(0, 0, 1, 24)",Tidak,1.000000,Ya,0.001000,Tidak,269.00483823,19.43868268,20.18863014,5.31161698,12.48926188,0.01729598,2.23606311,0.80796211,-0.31049183
"SARIMA(3, 0, 15)x(1, 0, 1, 24)",Tidak,1.000000,Ya,0.001000,Tidak,711.74930739,19.42011528,27.23463225,5.40213043,18.30836427,0.01744843,3.09750005,0.80832880,-1.38486415
"ARIMA(4, 0, 1)",Tidak,0.000000,Tidak,0.001000,Tidak,5.19231224,19.34437839,30.22283337,5.67106322,25.28962090,0.01794242,4.14800786,0.80982089,-1.93691223
"SARIMA(4, 0, 1)x(1, 0, 0, 24)",Error,Error,Error,Error,Error,74.12960052,Error,Error,Error,Error,Error,Error,Error,Error
"SARIMA(4, 0, 1)x(0, 0, 1, 24)",Tidak,0.000000,Tidak,0.001000,Tidak,25.07179308,19.76073751,159.59609186,4.99890615,136.33968454,0.01676189,20.98863739,0.80154614,-80.89645795
"SARIMA(4, 0, 1)x(1, 0, 1, 24)",Ya,0.000000,Tidak,0.001000,Tidak,198.37205148,19.54715451,38.79547765,5.67436189,32.21631970,0.01784917,5.19514290,0.80581291,-3.83930306
"ARIMA(4, 0, 2)",Tidak,0.000000,Tidak,0.001000,Tidak,25.75447297,19.34472124,30.22550454,5.67195945,25.29538102,0.01794570,4.14889331,0.80981415,-1.93743140
"SARIMA(4, 0, 2)x(1, 0, 0, 24)",Ya,0.000000,Tidak,0.001000,Tidak,124.26818585,19.50639092,54.91162670,5.16960655,43.00280728,0.01705338,6.82918902,0.80662198,-8.69503169
"SARIMA(4, 0, 2)x(0, 0, 1, 24)",Tidak,0.000000,Tidak,0.001000,Tidak,91.11024809,19.68639770,21.51754907,4.92094498,14.37155530,0.01666872,2.52452344,0.80303649,-0.48869667
"SARIMA(4, 0, 2)x(1, 0, 1, 24)",Ya,0.000000,Tidak,0.001000,Tidak,238.6221168,19.55850394,71.05908019,5.53512349,61.37801317,0.01764814,9.61916262,0.80558735,-15.23527979
"ARIMA(4, 0, 3)",Tidak,0.000000,Tidak,0.001000,Tidak,18.19052482,19.34442967,30.22861629,5.67756374,25.30212420,0.01795673,4.14992992,0.80981988,-1.93803625
"SARIMA(4, 0, 3)x(1, 0, 0, 24)",Ya,0.000000,Tidak,0.001000,Tidak,162.70207548,23.13994749,612.26245145,10.15970864,604.93924974,0.02506437,92.23586198,0.72786901,-1204.30196980
"SARIMA(4, 0, 3)x(0, 0, 1, 24)",Ya,0.000000,Tidak,0.001000,Tidak,54.1736691,19.75602311,129.59958444,4.99522567,109.28700533,0.01675310,16.88266718,0.80164082,-53.00423671
"SARIMA(4, 0, 3)x(1, 0, 1, 24)",Tidak,0.000000,Tidak,0.001000,Tidak,227.86687255,19.68926984,86.54001935,5.50561850,81.03982585,0.01757691,12.60636657,0.80297902,-23.07989507
"ARIMA(4, 0, 4)",Tidak,0.000000,Tidak,0.001000,Tidak,31.9096272,19.34532416,30.22664597,5.67283706,25.29785286,0.01794756,4.14927340,0.80980229,-1.93765326
"SARIMA(4, 0, 4)x(1, 0, 0, 24)",Ya,0.000000,Tidak,0.001000,Tidak,121.35450435,25.59021846,85.72132944,8.75749097,70.30371912,0.02268638,10.96881861,0.66718626,-22.62644665
"SARIMA(4, 0, 4)x(0, 0, 1, 24)",Tidak,0.000000,Tidak,0.001000,Tidak,100.12002039,19.75819271,136.04582198,5.03393501,115.07879011,0.01680983,17.76167917,0.80159725,-58.51014825
"SARIMA(4, 0, 4)x(1, 0, 1, 24)",Tidak,0.000000,Tidak,0.001000,Tidak,258.17347026,19.71105694,117.15824374,5.50093389,108.75846798,0.01757313,16.81286840,0.80254275,-43.13329161
"ARIMA(4, 0, 5)",Tidak,0.000000,Tidak,0.001000,Tidak,23.49403739,19.34544260,30.22708482,5.67354556,25.29880158,0.01794908,4.14941926,0.80979996,-1.93773856
"SARIMA(4, 0, 5)x(1, 0, 0, 24)",Error,Error,Error,Error,Error,132.31395769,Error,Error,Error,Error,Error,Error,Error,Error
"SARIMA(4, 0, 5)x(0, 0, 1, 24)",Tidak,0.000000,Tidak,0.001000,Tidak,57.6890285,19.75571245,118.89295240,4.99360244,99.68585983,0.01674981,15.42559038,0.80164706,-44.44989014
"SARIMA(4, 0, 5)x(1, 0, 1, 24)",Tidak,0.000000,Tidak,0.001000,Tidak,459.06721878,19.50164377,56.08601070,5.40615067,48.09991214,0.01743593,7.60685056,0.80671609,-9.11415757
"ARIMA(4, 0, 6)",Tidak,0.000000,Tidak,0.001000,Tidak,29.51746058,19.34544758,30.22709332,5.67365024,25.29882014,0.01794925,4.14942211,0.80979986,-1.93774021
"SARIMA(4, 0, 6)x(1, 0, 0, 24)",Tidak,0.000000,Tidak,0.001000,Tidak,161.7983253,19.48419899,22.66021238,5.32904248,15.41643880,0.01731255,2.69500367,0.80706173,-0.65100567
"SARIMA(4, 0, 6)x(0, 0, 1, 24)",Tidak,0.000000,Tidak,0.001000,Tidak,84.39095807,19.74971286,71.71293014,4.99791416,57.75465020,0.01675378,9.06516375,0.80176751,-15.53543216
"SARIMA(4, 0, 6)x(1, 0, 1, 24)",Ya,0.000064,Tidak,0.001000,Tidak,451.2527082,19.43364558,21.20264110,5.52596269,13.76684640,0.01765488,2.43597692,0.80806162,-0.44544156
"ARIMA(4, 0, 7)",Tidak,0.500298,Ya,0.001000,Tidak,102.68517327,19.17498348,25.98733609,5.36691268,17.84906251,0.01741557,3.02091209,0.81313703,-1.17142153
"SARIMA(4, 0, 7)x(1, 0, 0, 24)",Tidak,0.000000,Tidak,0.001000,Tidak,159.41333628,19.64718118,26.66163342,5.14258624,17.89452500,0.01702668,3.03591351,0.80382044,-1.28556786
"SARIMA(4, 0, 7)x(0, 0, 1, 24)",Tidak,0.000000,Tidak,0.001000,Tidak,131.44668055,19.73387892,135.50341970,5.07290398,114.60400620,0.01687277,17.68961786,0.80208524,-58.03657113
"SARIMA(4, 0, 7)x(1, 0, 1, 24)",Ya,0.000300,Tidak,0.001000,Tidak,385.02746987,19.47805794,90.20569700,5.32714373,75.14719552,0.01731042,11.70499052,0.80718334,-25.16306061
"ARIMA(4, 0, 8)",Tidak,0.993084,Ya,0.001000,Tidak,121.09454036,19.17373352,26.29796368,5.37044001,18.29152974,0.01742261,3.08787069,0.81316139,-1.22364194
"SARIMA(4, 0, 8)x(1, 0, 0, 24)",Ya,0.000000,Tidak,0.001000,Tidak,145.17600131,26.25109489,71.01707602,8.84805825,59.37191070,0.02280920,9.31190321,0.64977423,-15.21609159
"SARIMA(4, 0, 8)x(0, 0, 1, 24)",Tidak,0.000000,Tidak,0.001000,Tidak,219.38358927,19.68077335,57.28203169,5.16206771,44.98489394,0.01704645,7.13048380,0.80314902,-9.55012100
"SARIMA(4, 0, 8)x(1, 0, 1, 24)",Ya,0.000000,Tidak,0.001000,Tidak,497.30431175,19.53584097,21.47215573,5.59526296,14.05982695,0.01771863,2.46994894,0.80603763,-0.48242220
"ARIMA(4, 0, 9)",Tidak,0.997144,Ya,0.001000,Tidak,141.78963232,19.17250137,26.87161368,5.38067719,19.13987821,0.01743933,3.21640795,0.81318540,-1.32171073
"SARIMA(4, 0, 9)x(1, 0, 0, 24)",Tidak,0.000000,Tidak,0.001000,Tidak,165.65563154,25.95500403,67.33387702,8.72614576,53.88590346,0.02272429,8.48148472,0.65763019,-13.57766135
"SARIMA(4, 0, 9)x(0, 0, 1, 24)",Tidak,0.000000,Tidak,0.001000,Tidak,204.78519964,19.45826215,129.75971350,5.23496829,109.37907460,0.01715156,16.89665367,0.80757506,-53.13777094
"SARIMA(4, 0, 9)x(1, 0, 1, 24)",Tidak,0.179578,Ya,0.001000,Tidak,820.43034863,19.58032047,72.24680116,5.68400958,63.80699359,0.01788209,9.98529324,0.80515339,-15.78254653
"ARIMA(4, 0, 10)",Tidak,0.999999,Ya,0.001000,Tidak,95.40796065,19.17284126,26.20261531,5.36682907,18.16362415,0.01741526,3.06877547,0.81317878,-1.20754668
"SARIMA(4, 0, 10)x(1, 0, 0, 24)",Ya,0.000000,Tidak,0.001000,Tidak,280.61214352,25.54064952,25.30332040,8.50726565,17.72828824,0.02225447,3.04634966,0.66847435,-1.05861742
"SARIMA(4, 0, 10)x(0, 0, 1, 24)",Tidak,0.999998,Ya,0.001000,Tidak,155.4529357,19.44317784,21.30260185,5.31936258,14.06823604,0.01731200,2.48557959,0.80787329,-0.45910288
"SARIMA(4, 0, 10)x(1, 0, 1, 24)",Tidak,0.999178,Ya,0.001000,Tidak,391.17187142,19.42119701,22.75907221,5.44339555,16.46960434,0.01752069,2.85674862,0.80830744,-0.66544280
"ARIMA(4, 0, 11)",Tidak,0.999999,Ya,0.001000,Tidak,91.49952555,19.17294016,27.33496309,5.38286985,19.85369577,0.01744605,3.32436016,0.81317685,-1.40246792
"SARIMA(4, 0, 11)x(1, 0, 0, 24)",Ya,0.000000,Tidak,0.001000,Tidak,159.17244172,25.05263506,58.70956947,9.03605793,46.18043743,0.02308473,7.30985406,0.68102248,-10.08251698
"SARIMA(4, 0, 11)x(0, 0, 1, 24)",Tidak,0.010619,Tidak,0.001000,Tidak,218.11169767,19.46072955,23.78969099,5.32321765,17.57523895,0.01732596,3.02817664,0.80752626,-0.81969338
"SARIMA(4, 0, 11)x(1, 0, 1, 24)",Tidak,0.000000,Tidak,0.001000,Tidak,505.93940449,19.51523899,45.85042495,5.48805207,34.94088832,0.01756061,5.61086732,0.80644651,-5.75938750
"ARIMA(4, 0, 12)",Tidak,1.000000,Ya,0.001000,Tidak,117.35253787,19.17243025,27.02374892,5.37722628,19.37198576,0.01743500,3.25157936,0.81318679,-1.34807416
"SARIMA(4, 0, 12)x(1, 0, 0, 24)",Ya,0.433134,Ya,0.001000,Tidak,296.93370104,25.03438086,26.42138964,9.76183420,19.49889664,0.02429768,3.31955636,0.68148714,-1.24456365
"SARIMA(4, 0, 12)x(0, 0, 1, 24)",Tidak,0.993369,Ya,0.001000,Tidak,253.60913396,19.44124825,21.12510441,5.32260843,13.68664894,0.01731557,2.42659680,0.80791142,-0.43488912
"SARIMA(4, 0, 12)x(1, 0, 1, 24)",Tidak,1.000000,Ya,0.001000,Tidak,741.85070562,19.41890601,20.55118817,5.43114708,12.79976634,0.01749882,2.28757896,0.80835267,-0.35798348
"ARIMA(4, 0, 13)",Tidak,1.000000,Ya,0.001000,Tidak,134.55460191,19.17216298,27.00526919,5.37639666,19.34468360,0.01743243,3.24749424,0.81319199,-1.34486387
"SARIMA(4, 0, 13)x(1, 0, 0, 24)",Tidak,0.000000,Tidak,0.001000,Tidak,360.63555193,24.92566796,23.20654575,10.12971915,15.17787461,0.02484517,2.64643492,0.68424745,-0.73157624
"SARIMA(4, 0, 13)x(0, 0, 1, 24)",Tidak,1.000000,Ya,0.001000,Tidak,259.68330503,19.44008152,20.99050559,5.32278411,13.20169623,0.01731264,2.35124467,0.80793447,-0.41666255
"SARIMA(4, 0, 13)x(1, 0, 1, 24)",Tidak,1.000000,Ya,0.001000,Tidak,552.80298233,19.41866822,20.79142727,5.41460371,13.06591222,0.01747121,2.31611168,0.80835736,-0.38991813
"ARIMA(4, 0, 14)",Tidak,1.000000,Ya,0.001000,Tidak,145.29394293,19.17116192,27.54298912,5.38784050,20.18055631,0.01745273,3.37392822,0.81321150,-1.43917385
"ARIMA(4, 0, 14)",Tidak,1.000000,Ya,0.001000,Tidak,224.02394271,19.17116192,27.54298912,5.38784050,20.18055631,0.01745273,3.37392822,0.81321150,-1.43917385
"SARIMA(4, 0, 14)x(1, 0, 0, 24)",Ya,0.000000,Tidak,0.001000,Tidak,1292.65049505,24.80417918,25.73250211,10.01132709,17.37637867,0.02471471,2.96219491,0.68731793,-1.12904406
"SARIMA(4, 0, 14)x(0, 0, 1, 24)",Tidak,0.999999,Ya,0.001000,Tidak,465.33673429,19.44435760,21.01852775,5.28889964,13.48426508,0.01725890,2.38160839,0.80784997,-0.42044754
"SARIMA(4, 0, 14)x(1, 0, 1, 24)",Tidak,1.000000,Ya,0.001000,Tidak,994.3519969,19.41827608,22.86072925,5.40337786,14.14995018,0.01745195,2.47055394,0.80836510,-0.68035396
"ARIMA(4, 0, 15)",Tidak,1.000000,Ya,0.001000,Tidak,334.36332059,19.16961729,27.27625787,5.38637445,19.76420403,0.01744704,3.31094404,0.81324160,-1.39215981
"SARIMA(4, 0, 15)x(1, 0, 0, 24)",Ya,0.000000,Tidak,0.001000,Tidak,698.36149502,24.70740380,24.06948711,10.05019038,15.82732146,0.02478713,2.73693973,0.68975308,-0.86274878
"SARIMA(4, 0, 15)x(0, 0, 1, 24)",Tidak,1.000000,Ya,0.001000,Tidak,390.65657926,19.44180154,21.43976723,5.28969237,13.69081434,0.01725904,2.41019293,0.80790048,-0.47795342
"SARIMA(4, 0, 15)x(1, 0, 1, 24)",Tidak,1.000000,Ya,0.001000,Tidak,1120.37450337,19.41579996,28.04360579,5.39370575,18.81969817,0.01743208,3.17161328,0.80841397,-1.52864767
"ARIMAX(1, 0, 0)",Error,Error,Error,Error,Error,25.50238252,Error,Error,Error,Error,Error,Error,Error,Error
"ARIMAX(2, 0, 0)",Ya,0.000000,Tidak,0.001000,Tidak,89.38193297,19.48026478,16.73325954,5.03073981,6.78492287,0.01687548,1.36358847,0.80713964,0.09971149
"ARIMAX(3, 0, 0)",Error,Error,Error,Error,Error,90.28005958,Error,Error,Error,Error,Error,Error,Error,Error
"ARIMAX(0, 0, 1)",Error,Error,Error,Error,Error,58.09653449,Error,Error,Error,Error,Error,Error,Error,Error
"ARIMAX(0, 0, 2)",Error,Error,Error,Error,Error,70.83467102,Error,Error,Error,Error,Error,Error,Error,Error
"ARIMAX(0, 0, 3)",Error,Error,Error,Error,Error,93.84460568,Error,Error,Error,Error,Error,Error,Error,Error
"ARIMAX(0, 0, 4)",Error,Error,Error,Error,Error,103.0725472,Error,Error,Error,Error,Error,Error,Error,Error
"ARIMAX(0, 0, 5)",Error,Error,Error,Error,Error,120.91651082,Error,Error,Error,Error,Error,Error,Error,Error
"ARIMAX(0, 0, 6)",Error,Error,Error,Error,Error,135.37540317,Error,Error,Error,Error,Error,Error,Error,Error
"ARIMAX(0, 0, 7)",Error,Error,Error,Error,Error,150.62345982,Error,Error,Error,Error,Error,Error,Error,Error
"ARIMAX(0, 0, 8)",Error,Error,Error,Error,Error,194.2208519,Error,Error,Error,Error,Error,Error,Error,Error
"ARIMAX(0, 0, 9)",Error,Error,Error,Error,Error,194.46799564,Error,Error,Error,Error,Error,Error,Error,Error
"ARIMAX(0, 0, 10)",Error,Error,Error,Error,Error,230.51262927,Error,Error,Error,Error,Error,Error,Error,Error
"ARIMAX(0, 0, 11)",Error,Error,Error,Error,Error,235.30730176,Error,Error,Error,Error,Error,Error,Error,Error
"ARIMAX(0, 0, 12)",Error,Error,Error,Error,Error,282.1453979,Error,Error,Error,Error,Error,Error,Error,Error
"ARIMAX(0, 0, 13)",Error,Error,Error,Error,Error,298.84312916,Error,Error,Error,Error,Error,Error,Error,Error
"ARIMAX(0, 0, 14)",Error,Error,Error,Error,Error,370.83753753,Error,Error,Error,Error,Error,Error,Error,Error
"ARIMAX(0, 0, 15)",Error,Error,Error,Error,Error,349.60564637,Error,Error,Error,Error,Error,Error,Error,Error
"ARIMAX(0, 0, 16)",Error,Error,Error,Error,Error,439.79188752,Error,Error,Error,Error,Error,Error,Error,Error
"ARIMAX(0, 0, 17)",Error,Error,Error,Error,Error,477.90628099,Error,Error,Error,Error,Error,Error,Error,Error
"ARIMAX(0, 0, 18)",Error,Error,Error,Error,Error,521.98318291,Error,Error,Error,Error,Error,Error,Error,Error
"ARIMAX(0, 0, 19)",Error,Error,Error,Error,Error,519.12988949,Error,Error,Error,Error,Error,Error,Error,Error
"ARIMAX(0, 0, 20)",Error,Error,Error,Error,Error,616.19518542,Error,Error,Error,Error,Error,Error,Error,Error
"ARIMAX(0, 0, 21)",Error,Error,Error,Error,Error,694.35773802,Error,Error,Error,Error,Error,Error,Error,Error
"ARIMAX(0, 0, 22)",Error,Error,Error,Error,Error,819.42701077,Error,Error,Error,Error,Error,Error,Error,Error
"ARIMAX(0, 0, 23)",Error,Error,Error,Error,Error,779.89309835,Error,Error,Error,Error,Error,Error,Error,Error
"ARIMAX(0, 0, 24)",Error,Error,Error,Error,Error,948.2413559,Error,Error,Error,Error,Error,Error,Error,Error
"ARIMAX(0, 0, 25)",Error,Error,Error,Error,Error,1039.1649096,Error,Error,Error,Error,Error,Error,Error,Error
"ARIMAX(0, 0, 26)",Error,Error,Error,Error,Error,1317.4455018,Error,Error,Error,Error,Error,Error,Error,Error
"ARIMAX(0, 0, 27)",Error,Error,Error,Error,Error,1271.35294867,Error,Error,Error,Error,Error,Error,Error,Error
"ARIMAX(0, 0, 28)",Ya,0.000000,Tidak,0.001000,Tidak,1468.44112778,30.00867839,441.83538146,17.39246313,439.01088022,0.03625034,67.05326053,0.54233574,-626.68477600
"ARIMAX(0, 0, 29)",Error,Error,Error,Error,Error,1521.51848364,Error,Error,Error,Error,Error,Error,Error,Error
"ARIMAX(0, 0, 30)",Ya,0.000000,Tidak,0.001000,Tidak,1744.23950458,29.75318015,440.42413033,16.94303460,437.70602205,0.03552426,66.85543421,0.55009580,-622.68144714
"ARIMAX(0, 0, 31)",Ya,0.000000,Tidak,0.001000,Tidak,1762.80225134,29.56399325,442.40812416,16.81726217,439.74219404,0.03532506,67.16488989,0.55579909,-628.31314209
"ARIMAX(1, 0, 1)",Ya,0.000000,Tidak,0.001000,Tidak,91.34792972,19.05572335,18.89764991,5.53757906,10.89669663,0.01764146,1.97982324,0.81545421,-0.14824936
"SARIMAX(1, 0, 1)x(1, 0, 0, 24)",Ya,0.000000,Tidak,0.001000,Tidak,315.83264661,28.83644743,31.53386120,16.74411566,21.35129941,0.03497550,3.58370728,0.57739292,-2.19723764
"SARIMAX(1, 0, 1)x(0, 0, 1, 24)",Ya,0.000000,Tidak,0.001000,Tidak,401.58182931,24.42839051,29.17288228,10.65863671,19.05732942,0.02545792,3.21798998,0.69672056,-1.73639818
"SARIMAX(1, 0, 1)x(1, 0, 1, 24)",Error,Error,Error,Error,Error,492.83318114,Error,Error,Error,Error,Error,Error,Error,Error
"ARIMAX(1, 0, 2)",Ya,0.000000,Tidak,0.001000,Tidak,91.41448951,28.08336914,26.06744778,14.09460613,13.80391710,0.03085201,2.44161580,0.59917788,-1.18482994
"SARIMAX(1, 0, 2)x(1, 0, 0, 24)",Ya,0.000000,Tidak,0.001000,Tidak,403.63461542,25.14048355,57.15563878,11.57722615,51.14592295,0.02688549,8.09488787,0.67878153,-9.50361464
"SARIMAX(1, 0, 2)x(0, 0, 1, 24)",Ya,0.000000,Tidak,0.001000,Tidak,458.13357615,25.66978610,63.88861862,11.54966254,58.76388984,0.02687686,9.24359255,0.66511341,-12.12404196
"SARIMAX(1, 0, 2)x(1, 0, 1, 24)",Error,Error,Error,Error,Error,180.68232584,Error,Error,Error,Error,Error,Error,Error,Error
"ARIMAX(1, 0, 3)",Ya,0.000000,Tidak,0.001000,Tidak,106.47048235,24.89696952,45.37483499,11.49764957,38.24099914,0.02677152,6.13529000,0.68497412,-5.61988937
"SARIMAX(1, 0, 3)x(1, 0, 0, 24)",Tidak,0.000000,Tidak,0.001000,Tidak,420.15140271,24.91127585,45.19698073,11.29565025,37.96681034,0.02645959,6.09186874,0.68461197,-5.56809555
"SARIMAX(1, 0, 3)x(0, 0, 1, 24)",Tidak,0.000000,Tidak,0.001000,Tidak,436.15772295,24.89267734,47.33328187,11.45061310,40.43162039,0.02670095,6.46787447,0.68508273,-6.20367066
"SARIMAX(1, 0, 3)x(1, 0, 1, 24)",Error,Error,Error,Error,Error,675.42950106,Error,Error,Error,Error,Error,Error,Error,Error
"SARIMAX(1, 0, 5)x(1, 0, 0, 24)",Tidak,0.000000,Tidak,0.001000,Tidak,414.80041695,24.84567400,68.71854029,12.05576261,59.10694904,0.02767315,9.30157678,0.68627089,-14.18338015
"SARIMAX(1, 0, 5)x(0, 0, 1, 24)",Tidak,0.000000,Tidak,0.001000,Tidak,576.23440766,24.80545715,70.52368797,11.47238756,61.94800280,0.02675394,9.72914318,0.68728571,-14.99155311
"SARIMAX(1, 0, 5)x(1, 0, 1, 24)",Tidak,0.000000,Tidak,0.001000,Tidak,771.81016564,25.43805279,65.39667036,11.74517129,53.36397416,0.02708524,8.42525277,0.67113248,-12.75092421
"SARIMAX(1, 0, 6)x(1, 0, 1, 24)",Ya,0.000000,Tidak,0.001000,Tidak,786.1575563,25.34576759,62.25983480,12.29167854,53.04447369,0.02792926,8.38338156,0.67351431,-11.46340025
"ARIMAX(1, 0, 7)",Ya,0.000000,Tidak,0.001000,Tidak,170.19621873,25.83917518,34.52377569,11.76931794,28.90545978,0.02712301,4.76926777,0.66067915,-2.83227959
"SARIMAX(1, 0, 7)x(1, 0, 1, 24)",Ya,0.000000,Tidak,0.001000,Tidak,1113.48976922,27.92753224,38.51761192,13.44983830,27.05287109,0.02972002,4.45234627,0.60361393,-3.77023001
"ARIMAX(1, 0, 8)",Ya,0.000000,Tidak,0.001000,Tidak,187.31060719,25.76695094,36.16202351,11.71415730,31.05704965,0.02705194,5.09930886,0.66257340,-3.20461333
"ARIMAX(1, 0, 9)",Ya,0.000000,Tidak,0.001000,Tidak,222.50879836,25.75140013,33.76886529,11.68882495,27.40533525,0.02701511,4.53880884,0.66298056,-2.66651570
"SARIMAX(1, 0, 9)x(1, 0, 1, 24)",Error,Error,Error,Error,Error,2500.20636368,Error,Error,Error,Error,Error,Error,Error,Error
"ARIMAX(1, 0, 10)",Ya,0.000000,Tidak,0.001000,Tidak,262.98724174,25.73111206,33.86595074,11.64855403,27.57903680,0.02695534,4.56532483,0.66351139,-2.68762847
"SARIMAX(1, 0, 10)x(1, 0, 1, 24)",Tidak,0.000000,Tidak,0.001000,Tidak,1398.029742,26.01511903,31.92972895,12.31644458,21.28083129,0.02804420,3.57803026,0.65604241,-2.27801607
"ARIMAX(1, 0, 11)",Tidak,0.010350,Tidak,0.001000,Tidak,269.81502867,25.69235771,33.42706937,11.63589973,27.10481774,0.02693935,4.49207692,0.66452421,-2.59266911
"SARIMAX(1, 0, 11)x(1, 0, 1, 24)",Tidak,0.008184,Tidak,0.001000,Tidak,2061.32383275,29.09743223,43.21981364,14.17021060,32.29785789,0.03085082,5.25522506,0.56970868,-5.00601475
"ARIMAX(1, 0, 12)",Tidak,0.034252,Tidak,0.001000,Tidak,330.26890898,25.94220977,37.03537622,11.73483695,31.87364955,0.02709465,5.22412674,0.65796764,-3.41015786
"SARIMAX(1, 0, 12)x(1, 0, 1, 24)",Error,Error,Error,Error,Error,1368.66230965,Error,Error,Error,Error,Error,Error,Error,Error
"ARIMAX(1, 0, 13)",Tidak,0.941873,Ya,0.001000,Tidak,342.19306016,24.50257230,42.22310838,11.31208695,32.12648345,0.02651911,5.20209755,0.69487583,-4.73219582
"SARIMAX(1, 0, 13)x(1, 0, 0, 24)",Tidak,0.939611,Ya,0.001000,Tidak,665.02726793,24.50472500,46.33691845,11.31049041,36.39667301,0.02651511,5.85004930,0.69482221,-5.90358873
"SARIMAX(1, 0, 13)x(1, 0, 1, 24)",Tidak,0.000000,Tidak,0.001000,Tidak,1377.33715796,24.44587193,183.97596674,11.19974881,165.55790068,0.02627705,25.45320089,0.69628634,-107.82853969
"ARIMAX(1, 0, 14)",Tidak,0.345258,Ya,0.001000,Tidak,394.13712502,24.46241868,40.88167479,11.23962553,30.62082168,0.02641112,4.97370279,0.69587505,-4.37375636
"SARIMAX(1, 0, 14)x(1, 0, 0, 24)",Tidak,0.274794,Ya,0.001000,Tidak,698.01569748,24.48548035,42.26682846,11.44867681,32.06808392,0.02672196,5.19308696,0.69530136,-4.74407282
"SARIMAX(1, 0, 14)x(1, 0, 1, 24)",Tidak,0.000000,Tidak,0.001000,Tidak,2425.46060205,24.73579385,28.25895847,11.84480196,17.56812943,0.02742981,2.99223400,0.68903969,-1.56763281
"ARIMAX(1, 0, 15)",Tidak,0.993959,Ya,0.001000,Tidak,372.56313133,24.50482661,40.46873028,11.32062734,30.34745172,0.02653473,4.93255387,0.69481968,-4.26574436
"SARIMAX(1, 0, 15)x(1, 0, 0, 24)",Tidak,0.999559,Ya,0.001000,Tidak,701.78296685,24.49889304,42.49012962,11.36517008,32.34628392,0.02660016,5.23576262,0.69496745,-4.80492651
"SARIMAX(1, 0, 15)x(1, 0, 1, 24)",Tidak,0.000000,Tidak,0.001000,Tidak,1564.49241424,24.74279191,31.24295632,12.24396631,21.35899091,0.02804344,3.57245060,0.68886371,-2.13851969
"ARIMAX(2, 0, 1)",Ya,0.000000,Tidak,0.001000,Tidak,88.35954952,25.24556443,316.09756256,11.92417567,294.61203526,0.02743970,45.07031007,0.67609069,-320.26462571
"SARIMAX(2, 0, 1)x(1, 0, 0, 24)",Tidak,0.000000,Tidak,0.001000,Tidak,412.94274449,25.07258823,164.14283899,11.30553332,150.41322301,0.02648659,23.16365954,0.68051417,-85.62923825
"SARIMAX(2, 0, 1)x(0, 0, 1, 24)",Tidak,0.000000,Tidak,0.001000,Tidak,330.16157627,24.99499110,253.01330232,11.55769269,232.79500938,0.02685846,35.67314419,0.68248867,-204.82936034
"SARIMAX(2, 0, 1)x(1, 0, 1, 24)",Ya,0.000000,Tidak,0.001000,Tidak,573.81634665,34.33435916,243.45049704,22.05858749,229.60448754,0.04299267,35.22119174,0.40088368,-189.56447616
"ARIMAX(2, 0, 2)",Tidak,0.000000,Tidak,0.001000,Tidak,102.79377604,24.92211137,317.04396265,11.51106120,295.37679746,0.02678365,45.18402990,0.68433755,-322.19124624
"SARIMAX(2, 0, 3)x(0, 0, 1, 24)",Tidak,0.000000,Tidak,0.001000,Tidak,453.55272937,24.97346054,45.38846637,11.43989613,38.70377630,0.02668296,6.20613849,0.68303544,-5.62386742
"SARIMAX(2, 0, 3)x(1, 0, 1, 24)",Error,Error,Error,Error,Error,261.54580903,Error,Error,Error,Error,Error,Error,Error,Error
"ARIMAX(2, 0, 4)",Tidak,0.000000,Tidak,0.001000,Tidak,105.69717693,26.66914442,46.92450802,11.71700822,42.27074173,0.02697515,6.82461650,0.63853069,-6.07978502
"SARIMAX(2, 0, 4)x(0, 0, 1, 24)",Tidak,0.000000,Tidak,0.001000,Tidak,815.30344057,26.21961142,39.69666916,11.54459438,34.98045234,0.02673458,5.70332075,0.65061379,-4.06674153
"SARIMAX(2, 0, 4)x(1, 0, 1, 24)",Error,Error,Error,Error,Error,251.5995512,Error,Error,Error,Error,Error,Error,Error,Error
"SARIMAX(2, 0, 6)x(1, 0, 1, 24)",Error,Error,Error,Error,Error,254.27320981,Error,Error,Error,Error,Error,Error,Error,Error
"SARIMAX(2, 0, 13)x(1, 0, 0, 24)",Tidak,0.000000,Tidak,0.001000,Tidak,908.07051659,26.08014052,35.69401570,11.84310145,24.39087870,0.02724578,4.04188820,0.65432091,-3.09648562
"SARIMAX(2, 0, 14)x(1, 0, 0, 24)",Tidak,0.000029,Tidak,0.001000,Tidak,760.36977839,24.53500316,27.95833841,11.20015477,16.80033102,0.02634434,2.87671141,0.69406758,-1.51329420
"SARIMAX(2, 0, 15)x(1, 0, 0, 24)",Error,Error,Error,Error,Error,892.64676905,Error,Error,Error,Error,Error,Error,Error,Error
"SARIMAX(3, 0, 1)x(1, 0, 0, 24)",Ya,0.000000,Tidak,0.001000,Tidak,1077.06897259,25.65240438,104.98711744,11.03166127,85.38475571,0.02599694,13.25843065,0.66556678,-34.43991224
"SARIMAX(3, 0, 1)x(0, 0, 1, 24)",Tidak,0.000000,Tidak,0.001000,Tidak,400.53484511,24.86989489,79.96549281,11.23755295,70.48315451,0.02640473,11.02321927,0.68565891,-19.56012972
"SARIMAX(3, 0, 1)x(1, 0, 1, 24)",Error,Error,Error,Error,Error,622.03929377,Error,Error,Error,Error,Error,Error,Error,Error
"SARIMAX(3, 0, 2)x(1, 0, 0, 24)",Error,Error,Error,Error,Error,801.91885757,Error,Error,Error,Error,Error,Error,Error,Error
"ARIMAX(3, 0, 3)",Ya,0.000000,Tidak,0.001000,Tidak,183.82455873,26.41531148,36.48925795,11.23416499,23.21226576,0.02624232,3.83481300,0.64537877,-3.28105372
"SARIMAX(3, 0, 3)x(1, 0, 1, 24)",Error,Error,Error,Error,Error,956.15640903,Error,Error,Error,Error,Error,Error,Error,Error
"SARIMAX(3, 0, 4)x(1, 0, 0, 24)",Error,Error,Error,Error,Error,230.36064339,Error,Error,Error,Error,Error,Error,Error,Error
"SARIMAX(3, 0, 5)x(1, 0, 1, 24)",Error,Error,Error,Error,Error,245.70898509,Error,Error,Error,Error,Error,Error,Error,Error
"ARIMAX(3, 0, 6)",Error,Error,Error,Error,Error,155.28058219,Error,Error,Error,Error,Error,Error,Error,Error
"SARIMAX(3, 0, 6)x(0, 0, 1, 24)",Error,Error,Error,Error,Error,870.57646966,Error,Error,Error,Error,Error,Error,Error,Error
"SARIMAX(3, 0, 6)x(1, 0, 1, 24)",Error,Error,Error,Error,Error,395.43810225,Error,Error,Error,Error,Error,Error,Error,Error
"ARIMAX(3, 0, 7)",Error,Error,Error,Error,Error,94.3547101,Error,Error,Error,Error,Error,Error,Error,Error
"SARIMAX(3, 0, 7)x(1, 0, 0, 24)",Error,Error,Error,Error,Error,445.14480066,Error,Error,Error,Error,Error,Error,Error,Error
"SARIMAX(3, 0, 7)x(0, 0, 1, 24)",Error,Error,Error,Error,Error,544.9000113,Error,Error,Error,Error,Error,Error,Error,Error
"SARIMAX(3, 0, 8)x(0, 0, 1, 24)",Error,Error,Error,Error,Error,637.09027958,Error,Error,Error,Error,Error,Error,Error,Error
"SARIMAX(3, 0, 8)x(1, 0, 1, 24)",Error,Error,Error,Error,Error,1008.44063354,Error,Error,Error,Error,Error,Error,Error,Error
"SARIMAX(3, 0, 9)x(1, 0, 1, 24)",Error,Error,Error,Error,Error,609.24679017,Error,Error,Error,Error,Error,Error,Error,Error
"SARIMAX(3, 0, 10)x(1, 0, 0, 24)",Error,Error,Error,Error,Error,496.8345561,Error,Error,Error,Error,Error,Error,Error,Error
"SARIMAX(3, 0, 11)x(1, 0, 1, 24)",Error,Error,Error,Error,Error,885.53987312,Error,Error,Error,Error,Error,Error,Error,Error
"SARIMAX(3, 0, 12)x(1, 0, 0, 24)",Tidak,0.000000,Tidak,0.001000,Tidak,964.00067401,27.06480380,43.10908716,11.26909672,38.06342686,0.02635878,6.17423735,0.62772573,-4.97528009
"SARIMAX(3, 0, 13)x(1, 0, 0, 24)",Error,Error,Error,Error,Error,1234.75472021,Error,Error,Error,Error,Error,Error,Error,Error
"SARIMAX(3, 0, 14)x(1, 0, 0, 24)",Error,Error,Error,Error,Error,789.64993739,Error,Error,Error,Error,Error,Error,Error,Error
"SARIMAX(3, 0, 15)x(1, 0, 0, 24)",Error,Error,Error,Error,Error,1277.59404421,Error,Error,Error,Error,Error,Error,Error,Error
"SARIMAX(4, 0, 1)x(1, 0, 1, 24)",Ya,0.000000,Tidak,0.001000,Tidak,400.75721836,28.28121774,83.05697686,14.02177462,68.35696082,0.03058788,10.70131573,0.59351037,-21.18057769
"SARIMAX(4, 0, 2)x(1, 0, 0, 24)",Error,Error,Error,Error,Error,1060.3189435,Error,Error,Error,Error,Error,Error,Error,Error
"SARIMAX(4, 0, 2)x(1, 0, 1, 24)",Error,Error,Error,Error,Error,1207.98192811,Error,Error,Error,Error,Error,Error,Error,Error
"SARIMAX(4, 0, 3)x(1, 0, 0, 24)",Error,Error,Error,Error,Error,767.99935579,Error,Error,Error,Error,Error,Error,Error,Error
"SARIMAX(4, 0, 3)x(0, 0, 1, 24)",Error,Error,Error,Error,Error,396.94135404,Error,Error,Error,Error,Error,Error,Error,Error
"SARIMAX(4, 0, 4)x(1, 0, 0, 24)",Error,Error,Error,Error,Error,806.84116149,Error,Error,Error,Error,Error,Error,Error,Error
"SARIMAX(4, 0, 6)x(1, 0, 1, 24)",Error,Error,Error,Error,Error,515.33889747,Error,Error,Error,Error,Error,Error,Error,Error
"SARIMAX(4, 0, 7)x(1, 0, 1, 24)",Error,Error,Error,Error,Error,367.39260912,Error,Error,Error,Error,Error,Error,Error,Error
"SARIMAX(4, 0, 8)x(1, 0, 0, 24)",Error,Error,Error,Error,Error,341.40932298,Error,Error,Error,Error,Error,Error,Error,Error
"SARIMAX(4, 0, 8)x(1, 0, 1, 24)",Error,Error,Error,Error,Error,403.01835561,Error,Error,Error,Error,Error,Error,Error,Error
"SARIMAX(4, 0, 10)x(1, 0, 0, 24)",Error,Error,Error,Error,Error,1006.2277801,Error,Error,Error,Error,Error,Error,Error,Error
"SARIMAX(4, 0, 11)x(1, 0, 0, 24)",Error,Error,Error,Error,Error,609.13782811,Error,Error,Error,Error,Error,Error,Error,Error
"SARIMAX(4, 0, 12)x(1, 0, 0, 24)",Error,Error,Error,Error,Error,1098.54460001,Error,Error,Error,Error,Error,Error,Error,Error
"SARIMAX(4, 0, 14)x(1, 0, 0, 24)",Tidak,0.000000,Tidak,0.001000,Tidak,1021.40403152,26.00391996,42.67545469,11.79643513,38.03989741,0.02718461,6.17209258,0.65633849,-4.85567451
"SARIMAX(4, 0, 15)x(1, 0, 0, 24)",Tidak,0.000000,Tidak,0.001000,Tidak,1296.63278008,30.44219410,41.40654005,16.46853130,31.17086029,0.03441458,5.08183966,0.52901708,-4.51262561
