Seq,Unit,Dropout,LR,Batch Size,Epoch,training_time_sec,train_rmse,train_mae,train_mape,train_r2,test_rmse,test_mae,test_mape,test_r2
6,"[16, 8]",0.4,0.0001,32,40,273.29783964,18.86598377,9.20861776,0.02549233,0.83030113,15.84499622,6.82500529,0.01364612,0.19413734
6,"[16, 8]",0.4,0.0005,32,9,61.17621779,18.29397334,7.49584663,0.02207847,0.84043556,16.08133219,7.09662204,0.01403223,0.16991837
6,"[16, 8]",0.4,0.002,32,6,41.24751878,18.69409022,7.87949984,0.02274498,0.8333794,15.58437388,5.47934412,0.01156847,0.22042936
6,"[16, 8]",0.2,0.0001,32,30,198.04427552,17.2387104,6.0434852,0.01982154,0.85831314,15.62816336,6.07134674,0.01248204,0.21604228
6,"[16, 8]",0.2,0.0005,32,17,117.65668678,16.82129014,5.22775865,0.01852733,0.86509171,15.41025898,5.39619526,0.01145599,0.23775141
6,"[16, 8]",0.2,0.002,32,7,48.43302298,16.88505259,5.46329375,0.01897746,0.86406701,15.13573199,4.27380063,0.00975183,0.26466775
6,[128],0.4,0.0001,32,37,204.10857844,16.3885337,4.51463378,0.01749059,0.87194391,15.37622405,5.12985161,0.01107059,0.24111468
6,[128],0.4,0.0005,32,13,67.773633,16.46784174,4.60817277,0.01767833,0.87070153,15.31349926,4.63144664,0.01031044,0.24729355
6,[128],0.4,0.002,32,15,76.3451829,16.22758929,4.55038595,0.0174666,0.87444673,14.98992939,2.93532811,0.00772884,0.27876643
6,[128],0.2,0.0001,32,24,123.32713604,16.43961653,4.52294861,0.0175424,0.87114437,15.52070619,5.54943481,0.01170883,0.226786
6,[128],0.2,0.0005,32,11,57.59480691,16.40682395,4.39277408,0.01733751,0.87165792,15.18772143,4.30859039,0.00982286,0.25960752
6,[128],0.2,0.002,32,15,75.84320354,16.0557356,4.40189133,0.0171297,0.87709192,15.04986263,3.41019245,0.00845777,0.27298758
6,"[32, 16]",0.4,0.0001,32,37,247.50141382,17.52581336,7.03793861,0.02177524,0.85355438,15.4011673,5.30004122,0.01132045,0.23865056
6,"[32, 16]",0.4,0.0005,32,20,134.61682272,18.13757112,8.12468654,0.02375225,0.84315225,15.1945994,4.45556593,0.0100316,0.25893677
6,"[32, 16]",0.4,0.002,32,8,54.02000856,17.92111056,7.69613789,0.02289075,0.84687367,15.40547219,5.42392173,0.0115031,0.23822488
6,"[32, 16]",0.2,0.0001,32,40,261.68980789,16.54477714,4.9922392,0.01830433,0.86949058,15.28114758,4.92152287,0.01075261,0.25047056
6,"[32, 16]",0.2,0.0005,32,15,98.31146789,16.6444768,5.08616258,0.01841119,0.86791292,15.25092185,4.68374891,0.01037124,0.25343273
6,"[32, 16]",0.2,0.002,32,11,75.28861785,16.79447213,5.90997092,0.01998256,0.86552154,15.01054289,3.47203703,0.00854194,0.27678145
6,[64],0.4,0.0001,32,40,211.20039344,16.48112351,4.67378598,0.01773646,0.87049288,15.51113625,5.53094448,0.01167553,0.22773922
6,[64],0.4,0.0005,32,26,126.98660016,16.36953881,4.39349487,0.01734541,0.87224058,15.22207973,4.42834384,0.0100054,0.25625383
6,[64],0.4,0.002,32,13,66.35520673,16.37714332,4.5825202,0.01763705,0.87212186,15.13789499,4.13681537,0.00955656,0.26445757
6,[64],0.2,0.0001,32,32,172.78463125,16.49746587,4.56062016,0.01756251,0.87023592,15.54759599,5.64157882,0.01184987,0.22410447
6,[64],0.2,0.0005,32,17,86.01679158,16.39656196,4.61149765,0.01775344,0.87181842,15.1632581,4.10069801,0.00950191,0.26199074
6,[64],0.2,0.002,32,14,72.96683049,16.25174222,4.37923941,0.01723562,0.8740727,15.03568803,3.15426954,0.00806484,0.2743564
6,"[64, 32]",0.4,0.0001,32,31,210.219275,16.90922318,5.51119696,0.01896173,0.86367756,15.87556898,6.6481974,0.01336063,0.19102453
6,"[64, 32]",0.4,0.0005,32,18,125.98319244,16.53531072,4.96945681,0.01823136,0.86963988,15.16830587,4.36799651,0.0099025,0.2614993
6,"[64, 32]",0.4,0.002,32,18,130.1079402,16.86444992,5.86669757,0.01984943,0.86439853,15.01274855,3.02956523,0.00787102,0.2765689
6,"[64, 32]",0.2,0.0001,32,31,219.37459683,16.48411479,4.64456706,0.01769601,0.87044586,15.42527879,5.33889788,0.0113816,0.23626481
6,"[64, 32]",0.2,0.0005,32,18,127.86107469,16.32226796,4.36817016,0.01726196,0.87297739,15.14104342,3.73957611,0.00895587,0.26415157
6,"[64, 32]",0.2,0.002,32,13,90.62397242,16.52827507,5.46869367,0.01920751,0.86975079,15.05829222,3.75666266,0.00897657,0.27217294
48,"[16, 8]",0.4,0.0001,32,40,329.76083016,18.69776556,8.8538201,0.02245809,0.83219413,15.97121335,5.62840832,0.0119043,0.1987787
48,"[16, 8]",0.4,0.0005,32,12,101.22969389,18.00427013,7.48759598,0.01990296,0.84441104,16.27400314,6.4039977,0.01307339,0.16811086
48,"[16, 8]",0.4,0.002,32,10,88.89330959,19.29154023,9.74475834,0.02421255,0.82136706,15.18498351,3.25354313,0.0083004,0.27572196
48,"[16, 8]",0.2,0.0001,32,40,339.8454895,16.62346381,6.0055586,0.01794325,0.86736114,15.50916231,4.52848626,0.01024997,0.24446716
48,"[16, 8]",0.2,0.0005,32,16,138.77638197,16.46890764,5.71352502,0.01748313,0.86981609,15.32918945,4.23770415,0.00978686,0.26190027
48,"[16, 8]",0.2,0.002,32,9,80.97037458,16.63005735,6.19069685,0.01829124,0.8672559,15.40756997,5.03306927,0.01098046,0.25433293
48,[128],0.4,0.0001,32,21,141.44397521,16.06691407,4.71292609,0.01574627,0.8760939,15.85494997,5.11145791,0.01115663,0.21040131
48,[128],0.4,0.0005,32,15,100.80638981,15.86601214,4.28785055,0.01509455,0.87917319,15.38895348,3.96080315,0.00938147,0.25613378
48,[128],0.4,0.002,32,14,89.4168334,15.72593839,4.09510332,0.01477672,0.88129722,15.25073931,3.798518,0.00911406,0.26943568
48,[128],0.2,0.0001,32,23,148.99304771,15.87667982,4.35038948,0.01518219,0.87901066,15.82201225,5.08387469,0.01112947,0.21367859
48,[128],0.2,0.0005,32,17,116.64503694,15.63569,4.01518791,0.01463786,0.88265574,15.45532615,4.50998563,0.01021496,0.24970334
48,[128],0.2,0.002,32,10,62.66133475,15.85365817,4.15286402,0.01489534,0.87936128,15.30734354,3.74703113,0.00903029,0.26400253
48,"[32, 16]",0.4,0.0001,32,40,337.58750772,16.93410265,6.50864505,0.01862192,0.86235764,15.89237743,5.6052821,0.01188724,0.20666903
48,"[32, 16]",0.4,0.0005,32,15,124.01629853,17.6101995,7.78133458,0.02096147,0.85114745,15.46386471,4.69657596,0.01049211,0.24887408
48,"[32, 16]",0.4,0.002,32,8,66.69104266,16.98069028,6.61270179,0.01883321,0.86159926,15.49962509,5.00530764,0.01093847,0.24539609
48,"[32, 16]",0.2,0.0001,32,35,290.95035529,16.34047314,5.57651162,0.01716599,0.87183867,15.71029199,4.58789515,0.01036522,0.22474392
48,"[32, 16]",0.2,0.0005,32,19,166.37322044,16.10418346,5.27662133,0.01674811,0.8755184,15.50802565,4.50734849,0.01021634,0.2445779
48,"[32, 16]",0.2,0.002,32,15,131.49933147,16.72315056,6.87232837,0.01947351,0.86576556,15.31119622,4.41509003,0.0100513,0.263632
48,[64],0.4,0.0001,32,23,149.87453628,16.26896749,5.29283429,0.01672217,0.87295788,15.72551457,4.71219412,0.01052049,0.22324082
48,[64],0.4,0.0005,32,13,80.51417875,16.02137243,4.58200443,0.01551075,0.87679533,15.45299609,3.96181788,0.00938607,0.24992955
48,[64],0.4,0.002,32,10,59.00687575,16.04977753,4.56813456,0.01558166,0.87635807,15.23247115,3.52031327,0.00869431,0.27118485
48,[64],0.2,0.0001,32,29,175.1527245,15.94201031,4.49791435,0.01541275,0.8780129,15.66432335,4.49242136,0.01022179,0.22927412
48,[64],0.2,0.0005,32,23,133.77025461,15.64694568,4.14666544,0.01480199,0.88248674,15.54203799,4.45583219,0.01014822,0.24126067
48,[64],0.2,0.002,32,16,100.1057353,15.64932588,4.02809374,0.01463136,0.88245098,15.33863466,3.68662793,0.00896015,0.26099041
48,"[64, 32]",0.4,0.0001,32,23,180.65347719,16.58502525,5.72284712,0.01733912,0.86797383,16.03721815,5.39414382,0.01157892,0.19214254
48,"[64, 32]",0.4,0.0005,32,21,170.5787704,16.29570254,5.82491513,0.01769821,0.87254,15.42221515,4.23795254,0.00980541,0.25291472
48,"[64, 32]",0.4,0.002,32,13,104.83138895,15.94767177,4.69743087,0.01572314,0.87792624,15.29390019,3.91098545,0.00928994,0.26529471
48,"[64, 32]",0.2,0.0001,32,40,328.04845166,16.12536912,5.43351281,0.01699176,0.87519067,15.62750784,4.5876073,0.01036178,0.2328927
48,"[64, 32]",0.2,0.0005,32,17,144.67560244,16.11637992,5.49377358,0.01719265,0.87532978,15.50245215,4.40449278,0.01007241,0.24512079
48,"[64, 32]",0.2,0.002,32,19,157.69420695,16.08375674,5.5998595,0.0173899,0.87583399,15.29344379,3.71781206,0.00901333,0.26533856
